Using pre-set license
Built from '6000.1/staging' branch; Version is '6000.1.11f1 (9b156bbbd4df) revision 10163563'; Using compiler version '194234433'; Build Type 'Release'
OS: 'Windows 10  (10.0.19045) 64bit Professional' Language: 'en' Physical Memory: 7530 MB
BatchMode: 1, IsHumanControllingUs: 0, StartBugReporterOnCrash: 0, Is64bit: 1, IsPro: 1
Date: 2026-02-15T08:05:35Z

COMMAND LINE ARGUMENTS:
F:\pj\6000.1.11f1\Editor\Unity.exe
-adb2
-batchMode
-noUpm
-name
AssetImportWorker3
-projectPath
F:/ใส่เสียง3ด่านที่อัพให้เฟิน/the secret cookbook of siam
-logFile
Logs/AssetImportWorker3.log
-srvPort
61363
-job-worker-count
5
-background-job-worker-count
8
-gc-helper-count
1
-name
AssetImport
Successfully changed project path to: F:/ใส่เสียง3ด่านที่อัพให้เฟิน/the secret cookbook of siam
F:/ใส่เสียง3ด่านที่อัพให้เฟิน/the secret cookbook of siam
[UnityMemory] Configuration Parameters - Can be set up in boot.config
    "memorysetup-allocator-temp-initial-block-size-main=262144"
    "memorysetup-allocator-temp-initial-block-size-worker=262144"
    "memorysetup-bucket-allocator-granularity=16"
    "memorysetup-bucket-allocator-bucket-count=8"
    "memorysetup-bucket-allocator-block-size=33554432"
    "memorysetup-bucket-allocator-block-count=8"
    "memorysetup-main-allocator-block-size=16777216"
    "memorysetup-thread-allocator-block-size=16777216"
    "memorysetup-gfx-main-allocator-block-size=16777216"
    "memorysetup-gfx-thread-allocator-block-size=16777216"
    "memorysetup-cache-allocator-block-size=4194304"
    "memorysetup-typetree-allocator-block-size=2097152"
    "memorysetup-profiler-bucket-allocator-granularity=16"
    "memorysetup-profiler-bucket-allocator-bucket-count=8"
    "memorysetup-profiler-bucket-allocator-block-size=33554432"
    "memorysetup-profiler-bucket-allocator-block-count=8"
    "memorysetup-profiler-allocator-block-size=16777216"
    "memorysetup-profiler-editor-allocator-block-size=1048576"
    "memorysetup-temp-allocator-size-main=16777216"
    "memorysetup-job-temp-allocator-block-size=2097152"
    "memorysetup-job-temp-allocator-block-size-background=1048576"
    "memorysetup-job-temp-allocator-reduction-small-platforms=262144"
    "memorysetup-temp-allocator-size-background-worker=32768"
    "memorysetup-temp-allocator-size-job-worker=262144"
    "memorysetup-temp-allocator-size-preload-manager=33554432"
    "memorysetup-temp-allocator-size-nav-mesh-worker=65536"
    "memorysetup-temp-allocator-size-audio-worker=65536"
    "memorysetup-temp-allocator-size-cloud-worker=32768"
    "memorysetup-temp-allocator-size-gi-baking-worker=262144"
    "memorysetup-temp-allocator-size-gi-baking-worker=262144"
    "memorysetup-temp-allocator-size-gi-baking-worker=262144"
    "memorysetup-temp-allocator-size-gi-baking-worker=262144"
    "memorysetup-temp-allocator-size-gi-baking-worker=262144"
    "memorysetup-temp-allocator-size-gfx=262144"
Player connection [38188]  Target information:

Player connection [38188]  * "[IP] 172.29.32.1 [Port] 0 [Flags] 2 [Guid] 2200459629 [EditorId] 2200459629 [Version] 1048832 [Id] WindowsEditor(7,RAZER-20230304U) [Debug] 1 [PackageName] WindowsEditor [ProjectName] Editor" 

Player connection [38188]  * "[IP] 169.254.120.56 [Port] 0 [Flags] 2 [Guid] 2200459629 [EditorId] 2200459629 [Version] 1048832 [Id] WindowsEditor(7,RAZER-20230304U) [Debug] 1 [PackageName] WindowsEditor [ProjectName] Editor" 

Player connection [38188] Host joined multi-casting on [225.0.0.222:54997]...
Player connection [38188] Host joined alternative multi-casting on [225.0.0.222:34997]...
JobSystem: Creating JobQueue using job-worker-count value 5
Input System module state changed to: Initialized.
[Physics::Module] Initialized fallback backend.
[Physics::Module] Id: 0xdecafbad
Library Redirect Path: Library/
[Physics::Module] Selected backend.
[Physics::Module] Name: PhysX
[Physics::Module] Id: 0xf2b8ea05
[Physics::Module] SDK Version: 4.1.2
[Physics::Module] Integration Version: 1.0.0
[Physics::Module] Threading Mode: Multi-Threaded
Refreshing native plugins compatible for Editor in 13.03 ms, found 4 plugins.
Preloading 0 native plugins for Editor in 0.00 ms.
Initialize engine version: 6000.1.11f1 (9b156bbbd4df)
[Subsystems] Discovering subsystems at path F:/pj/6000.1.11f1/Editor/Data/Resources/UnitySubsystems
[Subsystems] Discovering subsystems at path F:/ใส่เสียง3ด่านที่อัพให้เฟิน/the secret cookbook of siam/Assets
GfxDevice: creating device client; kGfxThreadingModeNonThreaded
Direct3D:
    Version:         Direct3D 12 [level 12.1]
    Renderer:        AMD Radeon(TM) Graphics (ID=0x164c)
    Vendor:          ATI
    VRAM:            3765 MB
    App VRAM Budget: 3835 MB
    Driver:          27.20.21030.8001
    Unified Memory Architecture
Initialize mono
Mono path[0] = 'F:/pj/6000.1.11f1/Editor/Data/Managed'
Mono path[1] = 'F:/pj/6000.1.11f1/Editor/Data/MonoBleedingEdge/lib/mono/unityjit-win32'
Mono config path = 'F:/pj/6000.1.11f1/Editor/Data/MonoBleedingEdge/etc'
Using monoOptions --debugger-agent=transport=dt_socket,embedding=1,server=y,suspend=n,address=127.0.0.1:56904
Begin MonoManager ReloadAssembly
Registering precompiled unity dll's ...
Register platform support module: F:/pj/6000.1.11f1/Editor/Data/PlaybackEngines/WindowsStandaloneSupport/UnityEditor.WindowsStandalone.Extensions.dll
Registered in 0.042841 seconds.
- Loaded All Assemblies, in  1.033 seconds
Native extension for WindowsStandalone target not found
Mono: successfully reloaded assembly
- Finished resetting the current domain, in  0.783 seconds
Domain Reload Profiling: 1814ms
	BeginReloadAssembly (373ms)
		ExecutionOrderSort (0ms)
		DisableScriptedObjects (0ms)
		BackupInstance (0ms)
		ReleaseScriptingObjects (0ms)
		CreateAndSetChildDomain (1ms)
	RebuildCommonClasses (81ms)
	RebuildNativeTypeToScriptingClass (28ms)
	initialDomainReloadingComplete (138ms)
	LoadAllAssembliesAndSetupDomain (411ms)
		LoadAssemblies (371ms)
		RebuildTransferFunctionScriptingTraits (0ms)
		AnalyzeDomain (405ms)
			TypeCache.Refresh (401ms)
				TypeCache.ScanAssembly (372ms)
			BuildScriptInfoCaches (1ms)
			ResolveRequiredComponents (1ms)
	FinalizeReload (784ms)
		ReleaseScriptCaches (0ms)
		RebuildScriptCaches (0ms)
		SetupLoadedEditorAssemblies (686ms)
			LogAssemblyErrors (0ms)
			InitializePlatformSupportModulesInManaged (106ms)
			SetLoadedEditorAssemblies (7ms)
			BeforeProcessingInitializeOnLoad (148ms)
			ProcessInitializeOnLoadAttributes (308ms)
			ProcessInitializeOnLoadMethodAttributes (117ms)
			AfterProcessingInitializeOnLoad (0ms)
			EditorAssembliesLoaded (0ms)
		ExecutionOrderSort2 (0ms)
		AwakeInstancesAfterBackupRestoration (0ms)
========================================================================
Worker process is ready to serve import requests
Import Worker Mode flag is 0x00
Begin MonoManager ReloadAssembly
- Loaded All Assemblies, in  1.979 seconds
Refreshing native plugins compatible for Editor in 2.36 ms, found 4 plugins.
Native extension for WindowsStandalone target not found
Mono: successfully reloaded assembly
- Finished resetting the current domain, in  2.097 seconds
Domain Reload Profiling: 4075ms
	BeginReloadAssembly (340ms)
		ExecutionOrderSort (0ms)
		DisableScriptedObjects (12ms)
		BackupInstance (0ms)
		ReleaseScriptingObjects (0ms)
		CreateAndSetChildDomain (52ms)
	RebuildCommonClasses (77ms)
	RebuildNativeTypeToScriptingClass (26ms)
	initialDomainReloadingComplete (73ms)
	LoadAllAssembliesAndSetupDomain (1460ms)
		LoadAssemblies (1008ms)
		RebuildTransferFunctionScriptingTraits (0ms)
		AnalyzeDomain (641ms)
			TypeCache.Refresh (463ms)
				TypeCache.ScanAssembly (437ms)
			BuildScriptInfoCaches (147ms)
			ResolveRequiredComponents (25ms)
	FinalizeReload (2098ms)
		ReleaseScriptCaches (0ms)
		RebuildScriptCaches (0ms)
		SetupLoadedEditorAssemblies (1786ms)
			LogAssemblyErrors (0ms)
			InitializePlatformSupportModulesInManaged (4ms)
			SetLoadedEditorAssemblies (10ms)
			BeforeProcessingInitializeOnLoad (252ms)
			ProcessInitializeOnLoadAttributes (1296ms)
			ProcessInitializeOnLoadMethodAttributes (220ms)
			AfterProcessingInitializeOnLoad (4ms)
			EditorAssembliesLoaded (0ms)
		ExecutionOrderSort2 (0ms)
		AwakeInstancesAfterBackupRestoration (11ms)
Launched and connected shader compiler UnityShaderCompiler.exe after 0.02 seconds
Refreshing native plugins compatible for Editor in 2.65 ms, found 4 plugins.
Preloading 0 native plugins for Editor in 0.00 ms.
Unloading 231 Unused Serialized files (Serialized files now loaded: 0)
Unloading 6774 unused Assets / (5.7 MB). Loaded Objects now: 7507.
Memory consumption went from 179.7 MB to 174.0 MB.
Total: 19.440400 ms (FindLiveObjects: 1.465300 ms CreateObjectMapping: 1.557600 ms MarkObjects: 10.657400 ms  DeleteObjects: 5.755900 ms)

========================================================================
Received Prepare
Begin MonoManager ReloadAssembly
- Loaded All Assemblies, in  1.533 seconds
Refreshing native plugins compatible for Editor in 5.43 ms, found 4 plugins.
Native extension for WindowsStandalone target not found
Mono: successfully reloaded assembly
- Finished resetting the current domain, in  2.402 seconds
Domain Reload Profiling: 3939ms
	BeginReloadAssembly (418ms)
		ExecutionOrderSort (0ms)
		DisableScriptedObjects (28ms)
		BackupInstance (0ms)
		ReleaseScriptingObjects (0ms)
		CreateAndSetChildDomain (99ms)
	RebuildCommonClasses (77ms)
	RebuildNativeTypeToScriptingClass (28ms)
	initialDomainReloadingComplete (49ms)
	LoadAllAssembliesAndSetupDomain (964ms)
		LoadAssemblies (691ms)
		RebuildTransferFunctionScriptingTraits (0ms)
		AnalyzeDomain (468ms)
			TypeCache.Refresh (12ms)
				TypeCache.ScanAssembly (0ms)
			BuildScriptInfoCaches (420ms)
			ResolveRequiredComponents (29ms)
	FinalizeReload (2404ms)
		ReleaseScriptCaches (0ms)
		RebuildScriptCaches (0ms)
		SetupLoadedEditorAssemblies (1966ms)
			LogAssemblyErrors (0ms)
			InitializePlatformSupportModulesInManaged (4ms)
			SetLoadedEditorAssemblies (12ms)
			BeforeProcessingInitializeOnLoad (332ms)
			ProcessInitializeOnLoadAttributes (1382ms)
			ProcessInitializeOnLoadMethodAttributes (230ms)
			AfterProcessingInitializeOnLoad (5ms)
			EditorAssembliesLoaded (1ms)
		ExecutionOrderSort2 (0ms)
		AwakeInstancesAfterBackupRestoration (45ms)
Refreshing native plugins compatible for Editor in 6.25 ms, found 4 plugins.
Preloading 0 native plugins for Editor in 0.00 ms.
Unloading 12 Unused Serialized files (Serialized files now loaded: 0)
Unloading 6772 unused Assets / (5.2 MB). Loaded Objects now: 7511.
Memory consumption went from 146.6 MB to 141.3 MB.
Total: 32.058000 ms (FindLiveObjects: 3.112300 ms CreateObjectMapping: 2.339700 ms MarkObjects: 16.543200 ms  DeleteObjects: 10.058900 ms)

Prepare: number of updated asset objects reloaded= 0
========================================================================
Received Import Request.
  Time since last request: 281259.709343 seconds.
  path: Assets/Resources_Recipes/นมเนียล.png
  artifactKey: Guid(71ed2b38ddd29684eb9edb7a08a5413d) Importer(815301076,1909f56bfc062723c751e8b465ee728b)
Start importing Assets/Resources_Recipes/นมเนียล.png using Guid(71ed2b38ddd29684eb9edb7a08a5413d) Importer(815301076,1909f56bfc062723c751e8b465ee728b) (PreviewImporter) -> (artifact id: '9ea8fed4a1415c2bc3b39bb703603327') in 0.336523 seconds
Number of updated asset objects reloaded before import = 0Number of asset objects unloaded after import = 3

========================================================================
Received Import Request.
  Time since last request: 84.253618 seconds.
  path: Packages/com.unity.2d.psdimporter/Editor/Assets/pivot.fbx
  artifactKey: Guid(1c7762c9bce5f4ab7b060decb9e3002d) Importer(815301076,1909f56bfc062723c751e8b465ee728b)
Start importing Packages/com.unity.2d.psdimporter/Editor/Assets/pivot.fbx using Guid(1c7762c9bce5f4ab7b060decb9e3002d) Importer(815301076,1909f56bfc062723c751e8b465ee728b) (PreviewImporter) -> (artifact id: '85fcea9a2109b401323b9bbb92cfe954') in 1.5083635 seconds
Number of updated asset objects reloaded before import = 0Number of asset objects unloaded after import = 10

========================================================================
Received Import Request.
  Time since last request: 0.000056 seconds.
  path: Packages/com.unity.render-pipelines.core/Runtime/Debugging/Prefabs/Widgets/DebugUIRow.prefab
  artifactKey: Guid(2d019437ff89b8d44949727731cd9357) Importer(815301076,1909f56bfc062723c751e8b465ee728b)
Start importing Packages/com.unity.render-pipelines.core/Runtime/Debugging/Prefabs/Widgets/DebugUIRow.prefab using Guid(2d019437ff89b8d44949727731cd9357) Importer(815301076,1909f56bfc062723c751e8b465ee728b) (PreviewImporter) -> (artifact id: '0a7b707c30709c29f163e7d54c0c025c') in 0.0262046 seconds
Number of updated asset objects reloaded before import = 0Number of asset objects unloaded after import = 34

========================================================================
Received Import Request.
  Time since last request: 0.000183 seconds.
  path: Packages/com.unity.render-pipelines.core/Runtime/Debugging/Prefabs/Widgets/DebugUIHBox.prefab
  artifactKey: Guid(f7f5e36797cf0c1408561665c67b179b) Importer(815301076,1909f56bfc062723c751e8b465ee728b)
Start importing Packages/com.unity.render-pipelines.core/Runtime/Debugging/Prefabs/Widgets/DebugUIHBox.prefab using Guid(f7f5e36797cf0c1408561665c67b179b) Importer(815301076,1909f56bfc062723c751e8b465ee728b) (PreviewImporter) -> (artifact id: '409640440cdb787b429a5b328990a5c9') in 0.0051483 seconds
Number of updated asset objects reloaded before import = 0Number of asset objects unloaded after import = 8

========================================================================
Received Import Request.
  Time since last request: 0.000039 seconds.
  path: Packages/com.unity.render-pipelines.core/Runtime/Debugging/Prefabs/Widgets/DebugUIFoldout.prefab
  artifactKey: Guid(1c87ab2ce8b8b304d98fbe9a734b1f74) Importer(815301076,1909f56bfc062723c751e8b465ee728b)
Start importing Packages/com.unity.render-pipelines.core/Runtime/Debugging/Prefabs/Widgets/DebugUIFoldout.prefab using Guid(1c87ab2ce8b8b304d98fbe9a734b1f74) Importer(815301076,1909f56bfc062723c751e8b465ee728b) (PreviewImporter) -> (artifact id: '787550b52dfea9fc54727bd2438b1945') in 0.0145364 seconds
Number of updated asset objects reloaded before import = 0Number of asset objects unloaded after import = 34

========================================================================
Received Import Request.
  Time since last request: 0.000064 seconds.
  path: Packages/com.unity.2d.spriteshape/Editor/ObjectMenuCreation/DefaultAssets/Sprite Shapes/Closed Sprite Shape.prefab
  artifactKey: Guid(c0583b4e855c74b8c82e7b9b5efb5ce9) Importer(815301076,1909f56bfc062723c751e8b465ee728b)
Start importing Packages/com.unity.2d.spriteshape/Editor/ObjectMenuCreation/DefaultAssets/Sprite Shapes/Closed Sprite Shape.prefab using Guid(c0583b4e855c74b8c82e7b9b5efb5ce9) Importer(815301076,1909f56bfc062723c751e8b465ee728b) (PreviewImporter) -> (artifact id: 'b45e99465a1a4dcb2e5832217bd88736') in 0.0762008 seconds
Number of updated asset objects reloaded before import = 0Number of asset objects unloaded after import = 14

========================================================================
Received Import Request.
  Time since last request: 0.000057 seconds.
  path: Packages/com.unity.render-pipelines.core/Runtime/Debugging/Prefabs/Widgets/DebugUIFloatField.prefab
  artifactKey: Guid(d8c744701b43c864b88e7f8144e19bc5) Importer(815301076,1909f56bfc062723c751e8b465ee728b)
Start importing Packages/com.unity.render-pipelines.core/Runtime/Debugging/Prefabs/Widgets/DebugUIFloatField.prefab using Guid(d8c744701b43c864b88e7f8144e19bc5) Importer(815301076,1909f56bfc062723c751e8b465ee728b) (PreviewImporter) -> (artifact id: '027ad560f63afbd8f8ca993b92b1d1c3') in 0.0171681 seconds
Number of updated asset objects reloaded before import = 0Number of asset objects unloaded after import = 37

========================================================================
Received Import Request.
  Time since last request: 0.000126 seconds.
  path: Packages/com.unity.render-pipelines.core/Runtime/Debugging/Prefabs/Widgets/DebugUIColor.prefab
  artifactKey: Guid(77c185820dd1a464eac89cae3abccddf) Importer(815301076,1909f56bfc062723c751e8b465ee728b)
Start importing Packages/com.unity.render-pipelines.core/Runtime/Debugging/Prefabs/Widgets/DebugUIColor.prefab using Guid(77c185820dd1a464eac89cae3abccddf) Importer(815301076,1909f56bfc062723c751e8b465ee728b) (PreviewImporter) -> (artifact id: '357603693c11329f5acb0de7d86a97bb') in 0.011627 seconds
Number of updated asset objects reloaded before import = 0Number of asset objects unloaded after import = 82

========================================================================
Received Import Request.
  Time since last request: 0.000043 seconds.
  path: Packages/com.unity.render-pipelines.core/Runtime/Debugging/Prefabs/Widgets/DebugUIButton.prefab
  artifactKey: Guid(f6ce33b91f6ffe54cadacbf4bb112440) Importer(815301076,1909f56bfc062723c751e8b465ee728b)
Start importing Packages/com.unity.render-pipelines.core/Runtime/Debugging/Prefabs/Widgets/DebugUIButton.prefab using Guid(f6ce33b91f6ffe54cadacbf4bb112440) Importer(815301076,1909f56bfc062723c751e8b465ee728b) (PreviewImporter) -> (artifact id: '6aaacf94a75c7ba0088c6321dd8aa341') in 0.0083291 seconds
Number of updated asset objects reloaded before import = 0Number of asset objects unloaded after import = 15

========================================================================
Received Import Request.
  Time since last request: 0.000041 seconds.
  path: Packages/com.unity.render-pipelines.core/Runtime/Debugging/Prefabs/Widgets/DebugUIVector4.prefab
  artifactKey: Guid(d47f009476100f545971a81ede14c750) Importer(815301076,1909f56bfc062723c751e8b465ee728b)
Start importing Packages/com.unity.render-pipelines.core/Runtime/Debugging/Prefabs/Widgets/DebugUIVector4.prefab using Guid(d47f009476100f545971a81ede14c750) Importer(815301076,1909f56bfc062723c751e8b465ee728b) (PreviewImporter) -> (artifact id: '373e7ecc4340bc7798de691edaf0546a') in 0.0097538 seconds
Number of updated asset objects reloaded before import = 0Number of asset objects unloaded after import = 78

========================================================================
Received Import Request.
  Time since last request: 0.000051 seconds.
  path: Packages/com.unity.render-pipelines.core/Runtime/Debugging/Prefabs/Widgets/DebugUIBitField.prefab
  artifactKey: Guid(7c78b588b2e1f7c4a86ca4a985cf6e4a) Importer(815301076,1909f56bfc062723c751e8b465ee728b)
Start importing Packages/com.unity.render-pipelines.core/Runtime/Debugging/Prefabs/Widgets/DebugUIBitField.prefab using Guid(7c78b588b2e1f7c4a86ca4a985cf6e4a) Importer(815301076,1909f56bfc062723c751e8b465ee728b) (PreviewImporter) -> (artifact id: 'd68c69a17abe976a41045808cb3de03d') in 0.0262679 seconds
Number of updated asset objects reloaded before import = 0Number of asset objects unloaded after import = 612

========================================================================
Received Import Request.
  Time since last request: 0.000072 seconds.
  path: Packages/com.unity.render-pipelines.core/Runtime/Debugging/Prefabs/Widgets/DebugUIVBox.prefab
  artifactKey: Guid(ca3e294656861a64b8aeeb9f916da0a9) Importer(815301076,1909f56bfc062723c751e8b465ee728b)
Start importing Packages/com.unity.render-pipelines.core/Runtime/Debugging/Prefabs/Widgets/DebugUIVBox.prefab using Guid(ca3e294656861a64b8aeeb9f916da0a9) Importer(815301076,1909f56bfc062723c751e8b465ee728b) (PreviewImporter) -> (artifact id: 'f7d313a0392a8329c0847bef1ab14f14') in 0.0041229 seconds
Number of updated asset objects reloaded before import = 0Number of asset objects unloaded after import = 8

========================================================================
Received Import Request.
  Time since last request: 0.000037 seconds.
  path: Packages/com.unity.render-pipelines.core/Runtime/RenderPipelineResources/Mesh/UnityMaterialBall.fbx
  artifactKey: Guid(39857cfad1651644682ff5b772e6e697) Importer(815301076,1909f56bfc062723c751e8b465ee728b)
Start importing Packages/com.unity.render-pipelines.core/Runtime/RenderPipelineResources/Mesh/UnityMaterialBall.fbx using Guid(39857cfad1651644682ff5b772e6e697) Importer(815301076,1909f56bfc062723c751e8b465ee728b) (PreviewImporter) -> (artifact id: '6527912cf19b5067a38ec2fb195078a6') in 0.2876507 seconds
Number of updated asset objects reloaded before import = 0Number of asset objects unloaded after import = 63

========================================================================
Received Prepare
Begin MonoManager ReloadAssembly
- Loaded All Assemblies, in  3.547 seconds
Refreshing native plugins compatible for Editor in 3.41 ms, found 4 plugins.
Native extension for WindowsStandalone target not found
Mono: successfully reloaded assembly
- Finished resetting the current domain, in  2.223 seconds
Domain Reload Profiling: 5793ms
	BeginReloadAssembly (760ms)
		ExecutionOrderSort (0ms)
		DisableScriptedObjects (103ms)
		BackupInstance (0ms)
		ReleaseScriptingObjects (2ms)
		CreateAndSetChildDomain (198ms)
	RebuildCommonClasses (89ms)
	RebuildNativeTypeToScriptingClass (30ms)
	initialDomainReloadingComplete (61ms)
	LoadAllAssembliesAndSetupDomain (2630ms)
		LoadAssemblies (1893ms)
		RebuildTransferFunctionScriptingTraits (0ms)
		AnalyzeDomain (1044ms)
			TypeCache.Refresh (46ms)
				TypeCache.ScanAssembly (0ms)
			BuildScriptInfoCaches (902ms)
			ResolveRequiredComponents (42ms)
	FinalizeReload (2224ms)
		ReleaseScriptCaches (0ms)
		RebuildScriptCaches (0ms)
		SetupLoadedEditorAssemblies (1848ms)
			LogAssemblyErrors (0ms)
			InitializePlatformSupportModulesInManaged (4ms)
			SetLoadedEditorAssemblies (10ms)
			BeforeProcessingInitializeOnLoad (377ms)
			ProcessInitializeOnLoadAttributes (1305ms)
			ProcessInitializeOnLoadMethodAttributes (146ms)
			AfterProcessingInitializeOnLoad (4ms)
			EditorAssembliesLoaded (1ms)
		ExecutionOrderSort2 (0ms)
		AwakeInstancesAfterBackupRestoration (33ms)
Refreshing native plugins compatible for Editor in 2.88 ms, found 4 plugins.
Preloading 0 native plugins for Editor in 0.00 ms.
Unloading 12 Unused Serialized files (Serialized files now loaded: 0)
Unloading 6773 unused Assets / (4.6 MB). Loaded Objects now: 7556.
Memory consumption went from 155.4 MB to 150.8 MB.
Total: 24.314700 ms (FindLiveObjects: 1.515200 ms CreateObjectMapping: 1.481100 ms MarkObjects: 15.794300 ms  DeleteObjects: 5.518600 ms)

Prepare: number of updated asset objects reloaded= 0
========================================================================
Received Prepare
Begin MonoManager ReloadAssembly
- Loaded All Assemblies, in  1.635 seconds
Refreshing native plugins compatible for Editor in 2.33 ms, found 4 plugins.
Native extension for WindowsStandalone target not found
Mono: successfully reloaded assembly
- Finished resetting the current domain, in  1.886 seconds
Domain Reload Profiling: 3523ms
	BeginReloadAssembly (434ms)
		ExecutionOrderSort (0ms)
		DisableScriptedObjects (29ms)
		BackupInstance (0ms)
		ReleaseScriptingObjects (0ms)
		CreateAndSetChildDomain (93ms)
	RebuildCommonClasses (82ms)
	RebuildNativeTypeToScriptingClass (27ms)
	initialDomainReloadingComplete (91ms)
	LoadAllAssembliesAndSetupDomain (1002ms)
		LoadAssemblies (767ms)
		RebuildTransferFunctionScriptingTraits (0ms)
		AnalyzeDomain (453ms)
			TypeCache.Refresh (12ms)
				TypeCache.ScanAssembly (0ms)
			BuildScriptInfoCaches (411ms)
			ResolveRequiredComponents (24ms)
	FinalizeReload (1887ms)
		ReleaseScriptCaches (0ms)
		RebuildScriptCaches (0ms)
		SetupLoadedEditorAssemblies (1573ms)
			LogAssemblyErrors (0ms)
			InitializePlatformSupportModulesInManaged (3ms)
			SetLoadedEditorAssemblies (12ms)
			BeforeProcessingInitializeOnLoad (292ms)
			ProcessInitializeOnLoadAttributes (1125ms)
			ProcessInitializeOnLoadMethodAttributes (136ms)
			AfterProcessingInitializeOnLoad (4ms)
			EditorAssembliesLoaded (1ms)
		ExecutionOrderSort2 (0ms)
		AwakeInstancesAfterBackupRestoration (29ms)
Refreshing native plugins compatible for Editor in 3.33 ms, found 4 plugins.
Preloading 0 native plugins for Editor in 0.00 ms.
Unloading 12 Unused Serialized files (Serialized files now loaded: 0)
Unloading 6772 unused Assets / (4.7 MB). Loaded Objects now: 7559.
Memory consumption went from 157.5 MB to 152.8 MB.
Total: 19.204200 ms (FindLiveObjects: 1.333300 ms CreateObjectMapping: 1.564000 ms MarkObjects: 11.744400 ms  DeleteObjects: 4.559700 ms)

Prepare: number of updated asset objects reloaded= 0
========================================================================
Received Prepare
Begin MonoManager ReloadAssembly
- Loaded All Assemblies, in  1.517 seconds
Refreshing native plugins compatible for Editor in 2.26 ms, found 4 plugins.
Native extension for WindowsStandalone target not found
Mono: successfully reloaded assembly
- Finished resetting the current domain, in  1.943 seconds
Domain Reload Profiling: 3464ms
	BeginReloadAssembly (420ms)
		ExecutionOrderSort (0ms)
		DisableScriptedObjects (31ms)
		BackupInstance (0ms)
		ReleaseScriptingObjects (0ms)
		CreateAndSetChildDomain (93ms)
	RebuildCommonClasses (74ms)
	RebuildNativeTypeToScriptingClass (28ms)
	initialDomainReloadingComplete (47ms)
	LoadAllAssembliesAndSetupDomain (951ms)
		LoadAssemblies (683ms)
		RebuildTransferFunctionScriptingTraits (0ms)
		AnalyzeDomain (469ms)
			TypeCache.Refresh (14ms)
				TypeCache.ScanAssembly (0ms)
			BuildScriptInfoCaches (417ms)
			ResolveRequiredComponents (27ms)
	FinalizeReload (1944ms)
		ReleaseScriptCaches (0ms)
		RebuildScriptCaches (0ms)
		SetupLoadedEditorAssemblies (1625ms)
			LogAssemblyErrors (0ms)
			InitializePlatformSupportModulesInManaged (3ms)
			SetLoadedEditorAssemblies (10ms)
			BeforeProcessingInitializeOnLoad (283ms)
			ProcessInitializeOnLoadAttributes (1158ms)
			ProcessInitializeOnLoadMethodAttributes (165ms)
			AfterProcessingInitializeOnLoad (5ms)
			EditorAssembliesLoaded (1ms)
		ExecutionOrderSort2 (0ms)
		AwakeInstancesAfterBackupRestoration (32ms)
Refreshing native plugins compatible for Editor in 2.37 ms, found 4 plugins.
Preloading 0 native plugins for Editor in 0.00 ms.
Unloading 12 Unused Serialized files (Serialized files now loaded: 0)
Unloading 6772 unused Assets / (4.8 MB). Loaded Objects now: 7562.
Memory consumption went from 159.8 MB to 155.0 MB.
Total: 22.758600 ms (FindLiveObjects: 1.590300 ms CreateObjectMapping: 1.974400 ms MarkObjects: 12.965500 ms  DeleteObjects: 6.222500 ms)

Prepare: number of updated asset objects reloaded= 0
========================================================================
Received Prepare
Begin MonoManager ReloadAssembly
- Loaded All Assemblies, in  1.481 seconds
Refreshing native plugins compatible for Editor in 2.27 ms, found 4 plugins.
Native extension for WindowsStandalone target not found
Mono: successfully reloaded assembly
- Finished resetting the current domain, in  1.850 seconds
Domain Reload Profiling: 3334ms
	BeginReloadAssembly (392ms)
		ExecutionOrderSort (0ms)
		DisableScriptedObjects (29ms)
		BackupInstance (0ms)
		ReleaseScriptingObjects (0ms)
		CreateAndSetChildDomain (88ms)
	RebuildCommonClasses (74ms)
	RebuildNativeTypeToScriptingClass (27ms)
	initialDomainReloadingComplete (48ms)
	LoadAllAssembliesAndSetupDomain (942ms)
		LoadAssemblies (638ms)
		RebuildTransferFunctionScriptingTraits (0ms)
		AnalyzeDomain (488ms)
			TypeCache.Refresh (11ms)
				TypeCache.ScanAssembly (0ms)
			BuildScriptInfoCaches (406ms)
			ResolveRequiredComponents (65ms)
	FinalizeReload (1851ms)
		ReleaseScriptCaches (0ms)
		RebuildScriptCaches (0ms)
		SetupLoadedEditorAssemblies (1498ms)
			LogAssemblyErrors (0ms)
			InitializePlatformSupportModulesInManaged (3ms)
			SetLoadedEditorAssemblies (12ms)
			BeforeProcessingInitializeOnLoad (265ms)
			ProcessInitializeOnLoadAttributes (1078ms)
			ProcessInitializeOnLoadMethodAttributes (136ms)
			AfterProcessingInitializeOnLoad (4ms)
			EditorAssembliesLoaded (1ms)
		ExecutionOrderSort2 (0ms)
		AwakeInstancesAfterBackupRestoration (29ms)
Refreshing native plugins compatible for Editor in 3.07 ms, found 4 plugins.
Preloading 0 native plugins for Editor in 0.00 ms.
Unloading 12 Unused Serialized files (Serialized files now loaded: 0)
Unloading 6772 unused Assets / (5.0 MB). Loaded Objects now: 7565.
Memory consumption went from 162.0 MB to 157.0 MB.
Total: 24.582400 ms (FindLiveObjects: 2.667500 ms CreateObjectMapping: 2.016400 ms MarkObjects: 13.148300 ms  DeleteObjects: 6.745600 ms)

Prepare: number of updated asset objects reloaded= 0
========================================================================
Received Prepare
Begin MonoManager ReloadAssembly
- Loaded All Assemblies, in  1.452 seconds
Refreshing native plugins compatible for Editor in 2.51 ms, found 4 plugins.
Native extension for WindowsStandalone target not found
Mono: successfully reloaded assembly
- Finished resetting the current domain, in  1.898 seconds
Domain Reload Profiling: 3354ms
	BeginReloadAssembly (396ms)
		ExecutionOrderSort (0ms)
		DisableScriptedObjects (30ms)
		BackupInstance (0ms)
		ReleaseScriptingObjects (0ms)
		CreateAndSetChildDomain (88ms)
	RebuildCommonClasses (75ms)
	RebuildNativeTypeToScriptingClass (28ms)
	initialDomainReloadingComplete (48ms)
	LoadAllAssembliesAndSetupDomain (909ms)
		LoadAssemblies (665ms)
		RebuildTransferFunctionScriptingTraits (0ms)
		AnalyzeDomain (430ms)
			TypeCache.Refresh (11ms)
				TypeCache.ScanAssembly (0ms)
			BuildScriptInfoCaches (389ms)
			ResolveRequiredComponents (24ms)
	FinalizeReload (1899ms)
		ReleaseScriptCaches (0ms)
		RebuildScriptCaches (0ms)
		SetupLoadedEditorAssemblies (1565ms)
			LogAssemblyErrors (0ms)
			InitializePlatformSupportModulesInManaged (3ms)
			SetLoadedEditorAssemblies (12ms)
			BeforeProcessingInitializeOnLoad (297ms)
			ProcessInitializeOnLoadAttributes (1094ms)
			ProcessInitializeOnLoadMethodAttributes (152ms)
			AfterProcessingInitializeOnLoad (4ms)
			EditorAssembliesLoaded (1ms)
		ExecutionOrderSort2 (0ms)
		AwakeInstancesAfterBackupRestoration (35ms)
Refreshing native plugins compatible for Editor in 2.19 ms, found 4 plugins.
Preloading 0 native plugins for Editor in 0.00 ms.
Unloading 12 Unused Serialized files (Serialized files now loaded: 0)
Unloading 6772 unused Assets / (4.0 MB). Loaded Objects now: 7568.
Memory consumption went from 164.3 MB to 160.3 MB.
Total: 22.770300 ms (FindLiveObjects: 1.587000 ms CreateObjectMapping: 1.762100 ms MarkObjects: 13.289200 ms  DeleteObjects: 6.128800 ms)

Prepare: number of updated asset objects reloaded= 0
========================================================================
Received Prepare
Begin MonoManager ReloadAssembly
- Loaded All Assemblies, in  1.555 seconds
Refreshing native plugins compatible for Editor in 2.36 ms, found 4 plugins.
Native extension for WindowsStandalone target not found
Mono: successfully reloaded assembly
- Finished resetting the current domain, in  1.850 seconds
Domain Reload Profiling: 3411ms
	BeginReloadAssembly (454ms)
		ExecutionOrderSort (0ms)
		DisableScriptedObjects (29ms)
		BackupInstance (0ms)
		ReleaseScriptingObjects (0ms)
		CreateAndSetChildDomain (89ms)
	RebuildCommonClasses (74ms)
	RebuildNativeTypeToScriptingClass (27ms)
	initialDomainReloadingComplete (87ms)
	LoadAllAssembliesAndSetupDomain (917ms)
		LoadAssemblies (705ms)
		RebuildTransferFunctionScriptingTraits (0ms)
		AnalyzeDomain (454ms)
			TypeCache.Refresh (11ms)
				TypeCache.ScanAssembly (0ms)
			BuildScriptInfoCaches (409ms)
			ResolveRequiredComponents (26ms)
	FinalizeReload (1851ms)
		ReleaseScriptCaches (0ms)
		RebuildScriptCaches (0ms)
		SetupLoadedEditorAssemblies (1537ms)
			LogAssemblyErrors (0ms)
			InitializePlatformSupportModulesInManaged (3ms)
			SetLoadedEditorAssemblies (12ms)
			BeforeProcessingInitializeOnLoad (306ms)
			ProcessInitializeOnLoadAttributes (1075ms)
			ProcessInitializeOnLoadMethodAttributes (137ms)
			AfterProcessingInitializeOnLoad (4ms)
			EditorAssembliesLoaded (1ms)
		ExecutionOrderSort2 (0ms)
		AwakeInstancesAfterBackupRestoration (27ms)
Refreshing native plugins compatible for Editor in 3.06 ms, found 4 plugins.
Preloading 0 native plugins for Editor in 0.00 ms.
Unloading 12 Unused Serialized files (Serialized files now loaded: 0)
Unloading 6772 unused Assets / (4.0 MB). Loaded Objects now: 7571.
Memory consumption went from 166.6 MB to 162.5 MB.
Total: 22.788900 ms (FindLiveObjects: 2.517000 ms CreateObjectMapping: 1.900500 ms MarkObjects: 12.472700 ms  DeleteObjects: 5.895400 ms)

Prepare: number of updated asset objects reloaded= 0
========================================================================
Received Prepare
Begin MonoManager ReloadAssembly
- Loaded All Assemblies, in  1.512 seconds
Refreshing native plugins compatible for Editor in 2.30 ms, found 4 plugins.
Native extension for WindowsStandalone target not found
Mono: successfully reloaded assembly
- Finished resetting the current domain, in  1.838 seconds
Domain Reload Profiling: 3354ms
	BeginReloadAssembly (453ms)
		ExecutionOrderSort (0ms)
		DisableScriptedObjects (30ms)
		BackupInstance (0ms)
		ReleaseScriptingObjects (0ms)
		CreateAndSetChildDomain (127ms)
	RebuildCommonClasses (74ms)
	RebuildNativeTypeToScriptingClass (32ms)
	initialDomainReloadingComplete (49ms)
	LoadAllAssembliesAndSetupDomain (907ms)
		LoadAssemblies (627ms)
		RebuildTransferFunctionScriptingTraits (0ms)
		AnalyzeDomain (463ms)
			TypeCache.Refresh (14ms)
				TypeCache.ScanAssembly (0ms)
			BuildScriptInfoCaches (409ms)
			ResolveRequiredComponents (31ms)
	FinalizeReload (1839ms)
		ReleaseScriptCaches (0ms)
		RebuildScriptCaches (0ms)
		SetupLoadedEditorAssemblies (1512ms)
			LogAssemblyErrors (0ms)
			InitializePlatformSupportModulesInManaged (3ms)
			SetLoadedEditorAssemblies (12ms)
			BeforeProcessingInitializeOnLoad (274ms)
			ProcessInitializeOnLoadAttributes (1091ms)
			ProcessInitializeOnLoadMethodAttributes (127ms)
			AfterProcessingInitializeOnLoad (4ms)
			EditorAssembliesLoaded (1ms)
		ExecutionOrderSort2 (0ms)
		AwakeInstancesAfterBackupRestoration (27ms)
Refreshing native plugins compatible for Editor in 2.27 ms, found 4 plugins.
Preloading 0 native plugins for Editor in 0.00 ms.
Unloading 12 Unused Serialized files (Serialized files now loaded: 0)
Unloading 6772 unused Assets / (4.7 MB). Loaded Objects now: 7574.
Memory consumption went from 168.8 MB to 164.2 MB.
Total: 20.379800 ms (FindLiveObjects: 1.580300 ms CreateObjectMapping: 1.954700 ms MarkObjects: 12.263800 ms  DeleteObjects: 4.578100 ms)

Prepare: number of updated asset objects reloaded= 0
========================================================================
Received Prepare
Begin MonoManager ReloadAssembly
- Loaded All Assemblies, in  6.174 seconds
Refreshing native plugins compatible for Editor in 19.51 ms, found 4 plugins.
Native extension for WindowsStandalone target not found
Mono: successfully reloaded assembly
- Finished resetting the current domain, in  2.851 seconds
Domain Reload Profiling: 9098ms
	BeginReloadAssembly (2250ms)
		ExecutionOrderSort (0ms)
		DisableScriptedObjects (365ms)
		BackupInstance (0ms)
		ReleaseScriptingObjects (4ms)
		CreateAndSetChildDomain (877ms)
	RebuildCommonClasses (157ms)
	RebuildNativeTypeToScriptingClass (39ms)
	initialDomainReloadingComplete (119ms)
	LoadAllAssembliesAndSetupDomain (3680ms)
		LoadAssemblies (2824ms)
		RebuildTransferFunctionScriptingTraits (0ms)
		AnalyzeDomain (1297ms)
			TypeCache.Refresh (65ms)
				TypeCache.ScanAssembly (0ms)
			BuildScriptInfoCaches (1144ms)
			ResolveRequiredComponents (40ms)
	FinalizeReload (2853ms)
		ReleaseScriptCaches (0ms)
		RebuildScriptCaches (0ms)
		SetupLoadedEditorAssemblies (2305ms)
			LogAssemblyErrors (0ms)
			InitializePlatformSupportModulesInManaged (6ms)
			SetLoadedEditorAssemblies (22ms)
			BeforeProcessingInitializeOnLoad (447ms)
			ProcessInitializeOnLoadAttributes (1561ms)
			ProcessInitializeOnLoadMethodAttributes (259ms)
			AfterProcessingInitializeOnLoad (7ms)
			EditorAssembliesLoaded (3ms)
		ExecutionOrderSort2 (0ms)
		AwakeInstancesAfterBackupRestoration (60ms)
Refreshing native plugins compatible for Editor in 2.83 ms, found 4 plugins.
Preloading 0 native plugins for Editor in 0.00 ms.
Unloading 12 Unused Serialized files (Serialized files now loaded: 0)
Unloading 6772 unused Assets / (4.9 MB). Loaded Objects now: 7577.
Memory consumption went from 171.1 MB to 166.2 MB.
Total: 24.169100 ms (FindLiveObjects: 1.599200 ms CreateObjectMapping: 1.573500 ms MarkObjects: 14.492500 ms  DeleteObjects: 6.499200 ms)

Prepare: number of updated asset objects reloaded= 0
========================================================================
Received Prepare
Begin MonoManager ReloadAssembly
- Loaded All Assemblies, in  2.557 seconds
Refreshing native plugins compatible for Editor in 2.26 ms, found 4 plugins.
Native extension for WindowsStandalone target not found
Mono: successfully reloaded assembly
- Finished resetting the current domain, in  2.246 seconds
Domain Reload Profiling: 4852ms
	BeginReloadAssembly (1003ms)
		ExecutionOrderSort (1ms)
		DisableScriptedObjects (144ms)
		BackupInstance (0ms)
		ReleaseScriptingObjects (4ms)
		CreateAndSetChildDomain (231ms)
	RebuildCommonClasses (82ms)
	RebuildNativeTypeToScriptingClass (28ms)
	initialDomainReloadingComplete (69ms)
	LoadAllAssembliesAndSetupDomain (1423ms)
		LoadAssemblies (1040ms)
		RebuildTransferFunctionScriptingTraits (0ms)
		AnalyzeDomain (691ms)
			TypeCache.Refresh (44ms)
				TypeCache.ScanAssembly (0ms)
			BuildScriptInfoCaches (546ms)
			ResolveRequiredComponents (38ms)
	FinalizeReload (2247ms)
		ReleaseScriptCaches (0ms)
		RebuildScriptCaches (0ms)
		SetupLoadedEditorAssemblies (1862ms)
			LogAssemblyErrors (0ms)
			InitializePlatformSupportModulesInManaged (4ms)
			SetLoadedEditorAssemblies (16ms)
			BeforeProcessingInitializeOnLoad (335ms)
			ProcessInitializeOnLoadAttributes (1342ms)
			ProcessInitializeOnLoadMethodAttributes (160ms)
			AfterProcessingInitializeOnLoad (4ms)
			EditorAssembliesLoaded (1ms)
		ExecutionOrderSort2 (0ms)
		AwakeInstancesAfterBackupRestoration (36ms)
Refreshing native plugins compatible for Editor in 2.92 ms, found 4 plugins.
Preloading 0 native plugins for Editor in 0.00 ms.
Unloading 12 Unused Serialized files (Serialized files now loaded: 0)
Unloading 6772 unused Assets / (6.1 MB). Loaded Objects now: 7580.
Memory consumption went from 173.4 MB to 167.3 MB.
Total: 29.984900 ms (FindLiveObjects: 2.552800 ms CreateObjectMapping: 1.899600 ms MarkObjects: 15.527100 ms  DeleteObjects: 9.997700 ms)

Prepare: number of updated asset objects reloaded= 0
========================================================================
Received Prepare
Begin MonoManager ReloadAssembly
- Loaded All Assemblies, in  1.809 seconds
Refreshing native plugins compatible for Editor in 2.27 ms, found 4 plugins.
Native extension for WindowsStandalone target not found
Mono: successfully reloaded assembly
- Finished resetting the current domain, in  1.987 seconds
Domain Reload Profiling: 3799ms
	BeginReloadAssembly (462ms)
		ExecutionOrderSort (0ms)
		DisableScriptedObjects (32ms)
		BackupInstance (0ms)
		ReleaseScriptingObjects (1ms)
		CreateAndSetChildDomain (106ms)
	RebuildCommonClasses (76ms)
	RebuildNativeTypeToScriptingClass (29ms)
	initialDomainReloadingComplete (57ms)
	LoadAllAssembliesAndSetupDomain (1187ms)
		LoadAssemblies (956ms)
		RebuildTransferFunctionScriptingTraits (0ms)
		AnalyzeDomain (454ms)
			TypeCache.Refresh (14ms)
				TypeCache.ScanAssembly (0ms)
			BuildScriptInfoCaches (409ms)
			ResolveRequiredComponents (24ms)
	FinalizeReload (1988ms)
		ReleaseScriptCaches (0ms)
		RebuildScriptCaches (0ms)
		SetupLoadedEditorAssemblies (1653ms)
			LogAssemblyErrors (0ms)
			InitializePlatformSupportModulesInManaged (3ms)
			SetLoadedEditorAssemblies (12ms)
			BeforeProcessingInitializeOnLoad (285ms)
			ProcessInitializeOnLoadAttributes (1183ms)
			ProcessInitializeOnLoadMethodAttributes (164ms)
			AfterProcessingInitializeOnLoad (4ms)
			EditorAssembliesLoaded (1ms)
		ExecutionOrderSort2 (0ms)
		AwakeInstancesAfterBackupRestoration (34ms)
Refreshing native plugins compatible for Editor in 2.68 ms, found 4 plugins.
Preloading 0 native plugins for Editor in 0.00 ms.
Unloading 12 Unused Serialized files (Serialized files now loaded: 0)
Unloading 6772 unused Assets / (4.7 MB). Loaded Objects now: 7583.
Memory consumption went from 175.6 MB to 171.0 MB.
Total: 25.684900 ms (FindLiveObjects: 2.275200 ms CreateObjectMapping: 2.025600 ms MarkObjects: 13.516200 ms  DeleteObjects: 7.864300 ms)

Prepare: number of updated asset objects reloaded= 0
========================================================================
Received Prepare
Begin MonoManager ReloadAssembly
- Loaded All Assemblies, in  1.737 seconds
Refreshing native plugins compatible for Editor in 2.31 ms, found 4 plugins.
Native extension for WindowsStandalone target not found
Mono: successfully reloaded assembly
- Finished resetting the current domain, in  2.025 seconds
Domain Reload Profiling: 3766ms
	BeginReloadAssembly (436ms)
		ExecutionOrderSort (0ms)
		DisableScriptedObjects (30ms)
		BackupInstance (0ms)
		ReleaseScriptingObjects (0ms)
		CreateAndSetChildDomain (111ms)
	RebuildCommonClasses (78ms)
	RebuildNativeTypeToScriptingClass (28ms)
	initialDomainReloadingComplete (50ms)
	LoadAllAssembliesAndSetupDomain (1148ms)
		LoadAssemblies (868ms)
		RebuildTransferFunctionScriptingTraits (0ms)
		AnalyzeDomain (479ms)
			TypeCache.Refresh (12ms)
				TypeCache.ScanAssembly (0ms)
			BuildScriptInfoCaches (433ms)
			ResolveRequiredComponents (28ms)
	FinalizeReload (2026ms)
		ReleaseScriptCaches (0ms)
		RebuildScriptCaches (0ms)
		SetupLoadedEditorAssemblies (1688ms)
			LogAssemblyErrors (0ms)
			InitializePlatformSupportModulesInManaged (3ms)
			SetLoadedEditorAssemblies (14ms)
			BeforeProcessingInitializeOnLoad (293ms)
			ProcessInitializeOnLoadAttributes (1203ms)
			ProcessInitializeOnLoadMethodAttributes (171ms)
			AfterProcessingInitializeOnLoad (4ms)
			EditorAssembliesLoaded (1ms)
		ExecutionOrderSort2 (0ms)
		AwakeInstancesAfterBackupRestoration (30ms)
Refreshing native plugins compatible for Editor in 2.77 ms, found 4 plugins.
Preloading 0 native plugins for Editor in 0.00 ms.
Unloading 12 Unused Serialized files (Serialized files now loaded: 0)
Unloading 6772 unused Assets / (4.7 MB). Loaded Objects now: 7586.
Memory consumption went from 177.9 MB to 173.2 MB.
Total: 24.186300 ms (FindLiveObjects: 2.159200 ms CreateObjectMapping: 2.272400 ms MarkObjects: 12.433300 ms  DeleteObjects: 7.317700 ms)

Prepare: number of updated asset objects reloaded= 0
========================================================================
Received Prepare
Begin MonoManager ReloadAssembly
- Loaded All Assemblies, in  2.192 seconds
Refreshing native plugins compatible for Editor in 3.39 ms, found 4 plugins.
Native extension for WindowsStandalone target not found
Mono: successfully reloaded assembly
- Finished resetting the current domain, in  2.336 seconds
Domain Reload Profiling: 4534ms
	BeginReloadAssembly (589ms)
		ExecutionOrderSort (0ms)
		DisableScriptedObjects (33ms)
		BackupInstance (0ms)
		ReleaseScriptingObjects (0ms)
		CreateAndSetChildDomain (137ms)
	RebuildCommonClasses (79ms)
	RebuildNativeTypeToScriptingClass (27ms)
	initialDomainReloadingComplete (108ms)
	LoadAllAssembliesAndSetupDomain (1393ms)
		LoadAssemblies (1134ms)
		RebuildTransferFunctionScriptingTraits (0ms)
		AnalyzeDomain (577ms)
			TypeCache.Refresh (44ms)
				TypeCache.ScanAssembly (0ms)
			BuildScriptInfoCaches (467ms)
			ResolveRequiredComponents (27ms)
	FinalizeReload (2337ms)
		ReleaseScriptCaches (0ms)
		RebuildScriptCaches (0ms)
		SetupLoadedEditorAssemblies (1904ms)
			LogAssemblyErrors (0ms)
			InitializePlatformSupportModulesInManaged (4ms)
			SetLoadedEditorAssemblies (15ms)
			BeforeProcessingInitializeOnLoad (303ms)
			ProcessInitializeOnLoadAttributes (1414ms)
			ProcessInitializeOnLoadMethodAttributes (163ms)
			AfterProcessingInitializeOnLoad (4ms)
			EditorAssembliesLoaded (1ms)
		ExecutionOrderSort2 (0ms)
		AwakeInstancesAfterBackupRestoration (38ms)
Refreshing native plugins compatible for Editor in 2.18 ms, found 4 plugins.
Preloading 0 native plugins for Editor in 0.00 ms.
Unloading 12 Unused Serialized files (Serialized files now loaded: 0)
Unloading 6772 unused Assets / (4.5 MB). Loaded Objects now: 7589.
Memory consumption went from 180.2 MB to 175.7 MB.
Total: 26.343600 ms (FindLiveObjects: 2.454300 ms CreateObjectMapping: 2.235600 ms MarkObjects: 13.943800 ms  DeleteObjects: 7.703200 ms)

Prepare: number of updated asset objects reloaded= 0
========================================================================
Received Prepare
Begin MonoManager ReloadAssembly
- Loaded All Assemblies, in  1.999 seconds
Refreshing native plugins compatible for Editor in 4.65 ms, found 4 plugins.
Native extension for WindowsStandalone target not found
Mono: successfully reloaded assembly
- Finished resetting the current domain, in  2.228 seconds
Domain Reload Profiling: 4248ms
	BeginReloadAssembly (502ms)
		ExecutionOrderSort (0ms)
		DisableScriptedObjects (32ms)
		BackupInstance (0ms)
		ReleaseScriptingObjects (0ms)
		CreateAndSetChildDomain (121ms)
	RebuildCommonClasses (78ms)
	RebuildNativeTypeToScriptingClass (27ms)
	initialDomainReloadingComplete (95ms)
	LoadAllAssembliesAndSetupDomain (1312ms)
		LoadAssemblies (856ms)
		RebuildTransferFunctionScriptingTraits (0ms)
		AnalyzeDomain (691ms)
			TypeCache.Refresh (47ms)
				TypeCache.ScanAssembly (0ms)
			BuildScriptInfoCaches (560ms)
			ResolveRequiredComponents (34ms)
	FinalizeReload (2234ms)
		ReleaseScriptCaches (0ms)
		RebuildScriptCaches (0ms)
		SetupLoadedEditorAssemblies (1802ms)
			LogAssemblyErrors (0ms)
			InitializePlatformSupportModulesInManaged (4ms)
			SetLoadedEditorAssemblies (14ms)
			BeforeProcessingInitializeOnLoad (323ms)
			ProcessInitializeOnLoadAttributes (1278ms)
			ProcessInitializeOnLoadMethodAttributes (177ms)
			AfterProcessingInitializeOnLoad (5ms)
			EditorAssembliesLoaded (1ms)
		ExecutionOrderSort2 (0ms)
		AwakeInstancesAfterBackupRestoration (47ms)
Refreshing native plugins compatible for Editor in 2.71 ms, found 4 plugins.
Preloading 0 native plugins for Editor in 0.00 ms.
Unloading 12 Unused Serialized files (Serialized files now loaded: 0)
Unloading 6772 unused Assets / (4.0 MB). Loaded Objects now: 7592.
Memory consumption went from 182.5 MB to 178.4 MB.
Total: 41.625900 ms (FindLiveObjects: 5.102500 ms CreateObjectMapping: 2.534100 ms MarkObjects: 23.337000 ms  DeleteObjects: 10.645200 ms)

Prepare: number of updated asset objects reloaded= 0
========================================================================
Received Prepare
Begin MonoManager ReloadAssembly
- Loaded All Assemblies, in  1.973 seconds
Refreshing native plugins compatible for Editor in 2.66 ms, found 4 plugins.
Native extension for WindowsStandalone target not found
Mono: successfully reloaded assembly
- Finished resetting the current domain, in  2.031 seconds
Domain Reload Profiling: 4015ms
	BeginReloadAssembly (530ms)
		ExecutionOrderSort (0ms)
		DisableScriptedObjects (31ms)
		BackupInstance (0ms)
		ReleaseScriptingObjects (1ms)
		CreateAndSetChildDomain (121ms)
	RebuildCommonClasses (78ms)
	RebuildNativeTypeToScriptingClass (28ms)
	initialDomainReloadingComplete (56ms)
	LoadAllAssembliesAndSetupDomain (1292ms)
		LoadAssemblies (1038ms)
		RebuildTransferFunctionScriptingTraits (0ms)
		AnalyzeDomain (527ms)
			TypeCache.Refresh (13ms)
				TypeCache.ScanAssembly (0ms)
			BuildScriptInfoCaches (466ms)
			ResolveRequiredComponents (27ms)
	FinalizeReload (2032ms)
		ReleaseScriptCaches (0ms)
		RebuildScriptCaches (0ms)
		SetupLoadedEditorAssemblies (1680ms)
			LogAssemblyErrors (0ms)
			InitializePlatformSupportModulesInManaged (3ms)
			SetLoadedEditorAssemblies (13ms)
			BeforeProcessingInitializeOnLoad (269ms)
			ProcessInitializeOnLoadAttributes (1230ms)
			ProcessInitializeOnLoadMethodAttributes (160ms)
			AfterProcessingInitializeOnLoad (4ms)
			EditorAssembliesLoaded (1ms)
		ExecutionOrderSort2 (0ms)
		AwakeInstancesAfterBackupRestoration (38ms)
Refreshing native plugins compatible for Editor in 2.90 ms, found 4 plugins.
Preloading 0 native plugins for Editor in 0.00 ms.
Unloading 12 Unused Serialized files (Serialized files now loaded: 0)
Unloading 6772 unused Assets / (5.2 MB). Loaded Objects now: 7595.
Memory consumption went from 184.7 MB to 179.5 MB.
Total: 27.730200 ms (FindLiveObjects: 1.758100 ms CreateObjectMapping: 3.309900 ms MarkObjects: 14.236700 ms  DeleteObjects: 8.423000 ms)

Prepare: number of updated asset objects reloaded= 0
========================================================================
Received Prepare
Begin MonoManager ReloadAssembly
- Loaded All Assemblies, in  2.086 seconds
Refreshing native plugins compatible for Editor in 5.14 ms, found 4 plugins.
Native extension for WindowsStandalone target not found
Mono: successfully reloaded assembly
- Finished resetting the current domain, in  1.918 seconds
Domain Reload Profiling: 4011ms
	BeginReloadAssembly (685ms)
		ExecutionOrderSort (0ms)
		DisableScriptedObjects (106ms)
		BackupInstance (0ms)
		ReleaseScriptingObjects (0ms)
		CreateAndSetChildDomain (103ms)
	RebuildCommonClasses (83ms)
	RebuildNativeTypeToScriptingClass (30ms)
	initialDomainReloadingComplete (58ms)
	LoadAllAssembliesAndSetupDomain (1237ms)
		LoadAssemblies (1014ms)
		RebuildTransferFunctionScriptingTraits (0ms)
		AnalyzeDomain (536ms)
			TypeCache.Refresh (14ms)
				TypeCache.ScanAssembly (0ms)
			BuildScriptInfoCaches (486ms)
			ResolveRequiredComponents (28ms)
	FinalizeReload (1919ms)
		ReleaseScriptCaches (0ms)
		RebuildScriptCaches (0ms)
		SetupLoadedEditorAssemblies (1584ms)
			LogAssemblyErrors (0ms)
			InitializePlatformSupportModulesInManaged (3ms)
			SetLoadedEditorAssemblies (12ms)
			BeforeProcessingInitializeOnLoad (285ms)
			ProcessInitializeOnLoadAttributes (1123ms)
			ProcessInitializeOnLoadMethodAttributes (156ms)
			AfterProcessingInitializeOnLoad (4ms)
			EditorAssembliesLoaded (1ms)
		ExecutionOrderSort2 (0ms)
		AwakeInstancesAfterBackupRestoration (32ms)
Refreshing native plugins compatible for Editor in 3.07 ms, found 4 plugins.
Preloading 0 native plugins for Editor in 0.00 ms.
Unloading 12 Unused Serialized files (Serialized files now loaded: 0)
Unloading 6772 unused Assets / (5.2 MB). Loaded Objects now: 7598.
Memory consumption went from 187.0 MB to 181.8 MB.
Total: 28.969700 ms (FindLiveObjects: 2.468600 ms CreateObjectMapping: 2.048000 ms MarkObjects: 15.586600 ms  DeleteObjects: 8.863200 ms)

Prepare: number of updated asset objects reloaded= 0
========================================================================
Received Prepare
Begin MonoManager ReloadAssembly
- Loaded All Assemblies, in  1.574 seconds
Refreshing native plugins compatible for Editor in 2.25 ms, found 4 plugins.
Native extension for WindowsStandalone target not found
Mono: successfully reloaded assembly
- Finished resetting the current domain, in  2.076 seconds
Domain Reload Profiling: 3655ms
	BeginReloadAssembly (463ms)
		ExecutionOrderSort (0ms)
		DisableScriptedObjects (33ms)
		BackupInstance (0ms)
		ReleaseScriptingObjects (0ms)
		CreateAndSetChildDomain (117ms)
	RebuildCommonClasses (75ms)
	RebuildNativeTypeToScriptingClass (27ms)
	initialDomainReloadingComplete (47ms)
	LoadAllAssembliesAndSetupDomain (965ms)
		LoadAssemblies (725ms)
		RebuildTransferFunctionScriptingTraits (0ms)
		AnalyzeDomain (461ms)
			TypeCache.Refresh (15ms)
				TypeCache.ScanAssembly (0ms)
			BuildScriptInfoCaches (414ms)
			ResolveRequiredComponents (25ms)
	FinalizeReload (2077ms)
		ReleaseScriptCaches (0ms)
		RebuildScriptCaches (0ms)
		SetupLoadedEditorAssemblies (1710ms)
			LogAssemblyErrors (0ms)
			InitializePlatformSupportModulesInManaged (3ms)
			SetLoadedEditorAssemblies (13ms)
			BeforeProcessingInitializeOnLoad (273ms)
			ProcessInitializeOnLoadAttributes (1255ms)
			ProcessInitializeOnLoadMethodAttributes (160ms)
			AfterProcessingInitializeOnLoad (4ms)
			EditorAssembliesLoaded (1ms)
		ExecutionOrderSort2 (0ms)
		AwakeInstancesAfterBackupRestoration (31ms)
Refreshing native plugins compatible for Editor in 3.23 ms, found 4 plugins.
Preloading 0 native plugins for Editor in 0.00 ms.
Unloading 12 Unused Serialized files (Serialized files now loaded: 0)
Unloading 6772 unused Assets / (4.7 MB). Loaded Objects now: 7601.
Memory consumption went from 189.3 MB to 184.6 MB.
Total: 25.353100 ms (FindLiveObjects: 2.340700 ms CreateObjectMapping: 2.100600 ms MarkObjects: 13.793300 ms  DeleteObjects: 7.114200 ms)

Prepare: number of updated asset objects reloaded= 0
========================================================================
Received Prepare
Begin MonoManager ReloadAssembly
- Loaded All Assemblies, in  1.453 seconds
Refreshing native plugins compatible for Editor in 2.42 ms, found 4 plugins.
Native extension for WindowsStandalone target not found
Mono: successfully reloaded assembly
- Finished resetting the current domain, in  1.868 seconds
Domain Reload Profiling: 3325ms
	BeginReloadAssembly (408ms)
		ExecutionOrderSort (0ms)
		DisableScriptedObjects (29ms)
		BackupInstance (0ms)
		ReleaseScriptingObjects (0ms)
		CreateAndSetChildDomain (102ms)
	RebuildCommonClasses (73ms)
	RebuildNativeTypeToScriptingClass (27ms)
	initialDomainReloadingComplete (49ms)
	LoadAllAssembliesAndSetupDomain (899ms)
		LoadAssemblies (647ms)
		RebuildTransferFunctionScriptingTraits (0ms)
		AnalyzeDomain (436ms)
			TypeCache.Refresh (12ms)
				TypeCache.ScanAssembly (0ms)
			BuildScriptInfoCaches (393ms)
			ResolveRequiredComponents (25ms)
	FinalizeReload (1869ms)
		ReleaseScriptCaches (0ms)
		RebuildScriptCaches (0ms)
		SetupLoadedEditorAssemblies (1539ms)
			LogAssemblyErrors (0ms)
			InitializePlatformSupportModulesInManaged (3ms)
			SetLoadedEditorAssemblies (12ms)
			BeforeProcessingInitializeOnLoad (273ms)
			ProcessInitializeOnLoadAttributes (1106ms)
			ProcessInitializeOnLoadMethodAttributes (139ms)
			AfterProcessingInitializeOnLoad (4ms)
			EditorAssembliesLoaded (1ms)
		ExecutionOrderSort2 (0ms)
		AwakeInstancesAfterBackupRestoration (33ms)
Refreshing native plugins compatible for Editor in 2.64 ms, found 4 plugins.
Preloading 0 native plugins for Editor in 0.00 ms.
Unloading 12 Unused Serialized files (Serialized files now loaded: 0)
Unloading 6772 unused Assets / (5.0 MB). Loaded Objects now: 7604.
Memory consumption went from 191.5 MB to 186.5 MB.
Total: 28.517600 ms (FindLiveObjects: 1.690100 ms CreateObjectMapping: 2.619900 ms MarkObjects: 15.481500 ms  DeleteObjects: 8.722800 ms)

Prepare: number of updated asset objects reloaded= 0
========================================================================
Received Prepare
Begin MonoManager ReloadAssembly
- Loaded All Assemblies, in  1.577 seconds
Refreshing native plugins compatible for Editor in 2.50 ms, found 4 plugins.
Native extension for WindowsStandalone target not found
Mono: successfully reloaded assembly
- Finished resetting the current domain, in  1.926 seconds
Domain Reload Profiling: 3507ms
	BeginReloadAssembly (439ms)
		ExecutionOrderSort (0ms)
		DisableScriptedObjects (29ms)
		BackupInstance (0ms)
		ReleaseScriptingObjects (0ms)
		CreateAndSetChildDomain (104ms)
	RebuildCommonClasses (82ms)
	RebuildNativeTypeToScriptingClass (28ms)
	initialDomainReloadingComplete (48ms)
	LoadAllAssembliesAndSetupDomain (984ms)
		LoadAssemblies (748ms)
		RebuildTransferFunctionScriptingTraits (0ms)
		AnalyzeDomain (449ms)
			TypeCache.Refresh (11ms)
				TypeCache.ScanAssembly (0ms)
			BuildScriptInfoCaches (407ms)
			ResolveRequiredComponents (24ms)
	FinalizeReload (1927ms)
		ReleaseScriptCaches (0ms)
		RebuildScriptCaches (0ms)
		SetupLoadedEditorAssemblies (1601ms)
			LogAssemblyErrors (0ms)
			InitializePlatformSupportModulesInManaged (5ms)
			SetLoadedEditorAssemblies (13ms)
			BeforeProcessingInitializeOnLoad (301ms)
			ProcessInitializeOnLoadAttributes (1137ms)
			ProcessInitializeOnLoadMethodAttributes (139ms)
			AfterProcessingInitializeOnLoad (5ms)
			EditorAssembliesLoaded (1ms)
		ExecutionOrderSort2 (0ms)
		AwakeInstancesAfterBackupRestoration (38ms)
Refreshing native plugins compatible for Editor in 2.57 ms, found 4 plugins.
Preloading 0 native plugins for Editor in 0.00 ms.
Unloading 12 Unused Serialized files (Serialized files now loaded: 0)
Unloading 6772 unused Assets / (5.1 MB). Loaded Objects now: 7607.
Memory consumption went from 193.8 MB to 188.7 MB.
Total: 27.322300 ms (FindLiveObjects: 2.569700 ms CreateObjectMapping: 2.482400 ms MarkObjects: 13.962100 ms  DeleteObjects: 8.304300 ms)

Prepare: number of updated asset objects reloaded= 0
========================================================================
Received Prepare
Begin MonoManager ReloadAssembly
- Loaded All Assemblies, in  1.513 seconds
Refreshing native plugins compatible for Editor in 2.36 ms, found 4 plugins.
Native extension for WindowsStandalone target not found
Mono: successfully reloaded assembly
- Finished resetting the current domain, in  1.936 seconds
Domain Reload Profiling: 3454ms
	BeginReloadAssembly (410ms)
		ExecutionOrderSort (0ms)
		DisableScriptedObjects (29ms)
		BackupInstance (0ms)
		ReleaseScriptingObjects (0ms)
		CreateAndSetChildDomain (93ms)
	RebuildCommonClasses (82ms)
	RebuildNativeTypeToScriptingClass (32ms)
	initialDomainReloadingComplete (87ms)
	LoadAllAssembliesAndSetupDomain (905ms)
		LoadAssemblies (647ms)
		RebuildTransferFunctionScriptingTraits (0ms)
		AnalyzeDomain (448ms)
			TypeCache.Refresh (12ms)
				TypeCache.ScanAssembly (0ms)
			BuildScriptInfoCaches (405ms)
			ResolveRequiredComponents (24ms)
	FinalizeReload (1938ms)
		ReleaseScriptCaches (0ms)
		RebuildScriptCaches (0ms)
		SetupLoadedEditorAssemblies (1594ms)
			LogAssemblyErrors (0ms)
			InitializePlatformSupportModulesInManaged (3ms)
			SetLoadedEditorAssemblies (12ms)
			BeforeProcessingInitializeOnLoad (309ms)
			ProcessInitializeOnLoadAttributes (1119ms)
			ProcessInitializeOnLoadMethodAttributes (146ms)
			AfterProcessingInitializeOnLoad (4ms)
			EditorAssembliesLoaded (1ms)
		ExecutionOrderSort2 (0ms)
		AwakeInstancesAfterBackupRestoration (33ms)
Refreshing native plugins compatible for Editor in 2.77 ms, found 4 plugins.
Preloading 0 native plugins for Editor in 0.00 ms.
Unloading 12 Unused Serialized files (Serialized files now loaded: 0)
Unloading 6772 unused Assets / (5.7 MB). Loaded Objects now: 7610.
Memory consumption went from 196.1 MB to 190.4 MB.
Total: 28.616200 ms (FindLiveObjects: 2.527300 ms CreateObjectMapping: 2.500800 ms MarkObjects: 14.888500 ms  DeleteObjects: 8.694800 ms)

Prepare: number of updated asset objects reloaded= 0
========================================================================
Received Prepare
Begin MonoManager ReloadAssembly
- Loaded All Assemblies, in  6.097 seconds
Refreshing native plugins compatible for Editor in 1.80 ms, found 4 plugins.
Native extension for WindowsStandalone target not found
Mono: successfully reloaded assembly
- Finished resetting the current domain, in  1.515 seconds
Domain Reload Profiling: 7625ms
	BeginReloadAssembly (1013ms)
		ExecutionOrderSort (0ms)
		DisableScriptedObjects (102ms)
		BackupInstance (0ms)
		ReleaseScriptingObjects (1ms)
		CreateAndSetChildDomain (238ms)
	RebuildCommonClasses (208ms)
	RebuildNativeTypeToScriptingClass (15ms)
	initialDomainReloadingComplete (58ms)
	LoadAllAssembliesAndSetupDomain (4816ms)
		LoadAssemblies (4753ms)
		RebuildTransferFunctionScriptingTraits (0ms)
		AnalyzeDomain (570ms)
			TypeCache.Refresh (43ms)
				TypeCache.ScanAssembly (0ms)
			BuildScriptInfoCaches (470ms)
			ResolveRequiredComponents (24ms)
	FinalizeReload (1516ms)
		ReleaseScriptCaches (0ms)
		RebuildScriptCaches (0ms)
		SetupLoadedEditorAssemblies (1226ms)
			LogAssemblyErrors (0ms)
			InitializePlatformSupportModulesInManaged (3ms)
			SetLoadedEditorAssemblies (14ms)
			BeforeProcessingInitializeOnLoad (232ms)
			ProcessInitializeOnLoadAttributes (871ms)
			ProcessInitializeOnLoadMethodAttributes (101ms)
			AfterProcessingInitializeOnLoad (3ms)
			EditorAssembliesLoaded (1ms)
		ExecutionOrderSort2 (0ms)
		AwakeInstancesAfterBackupRestoration (22ms)
Refreshing native plugins compatible for Editor in 2.33 ms, found 4 plugins.
Preloading 0 native plugins for Editor in 0.00 ms.
Unloading 12 Unused Serialized files (Serialized files now loaded: 0)
Unloading 6772 unused Assets / (5.0 MB). Loaded Objects now: 7613.
Memory consumption went from 198.4 MB to 193.3 MB.
Total: 26.671200 ms (FindLiveObjects: 2.658600 ms CreateObjectMapping: 2.139200 ms MarkObjects: 13.610400 ms  DeleteObjects: 8.257200 ms)

Prepare: number of updated asset objects reloaded= 0
========================================================================
Received Prepare
Begin MonoManager ReloadAssembly
- Loaded All Assemblies, in  2.870 seconds
Refreshing native plugins compatible for Editor in 2.07 ms, found 4 plugins.
Native extension for WindowsStandalone target not found
Mono: successfully reloaded assembly
- Finished resetting the current domain, in  1.682 seconds
Domain Reload Profiling: 4571ms
	BeginReloadAssembly (693ms)
		ExecutionOrderSort (0ms)
		DisableScriptedObjects (111ms)
		BackupInstance (0ms)
		ReleaseScriptingObjects (2ms)
		CreateAndSetChildDomain (247ms)
	RebuildCommonClasses (61ms)
	RebuildNativeTypeToScriptingClass (16ms)
	initialDomainReloadingComplete (48ms)
	LoadAllAssembliesAndSetupDomain (2071ms)
		LoadAssemblies (1479ms)
		RebuildTransferFunctionScriptingTraits (0ms)
		AnalyzeDomain (746ms)
			TypeCache.Refresh (64ms)
				TypeCache.ScanAssembly (0ms)
			BuildScriptInfoCaches (623ms)
			ResolveRequiredComponents (24ms)
	FinalizeReload (1683ms)
		ReleaseScriptCaches (0ms)
		RebuildScriptCaches (0ms)
		SetupLoadedEditorAssemblies (1354ms)
			LogAssemblyErrors (0ms)
			InitializePlatformSupportModulesInManaged (3ms)
			SetLoadedEditorAssemblies (15ms)
			BeforeProcessingInitializeOnLoad (265ms)
			ProcessInitializeOnLoadAttributes (952ms)
			ProcessInitializeOnLoadMethodAttributes (116ms)
			AfterProcessingInitializeOnLoad (2ms)
			EditorAssembliesLoaded (1ms)
		ExecutionOrderSort2 (0ms)
		AwakeInstancesAfterBackupRestoration (25ms)
Refreshing native plugins compatible for Editor in 2.07 ms, found 4 plugins.
Preloading 0 native plugins for Editor in 0.00 ms.
Unloading 12 Unused Serialized files (Serialized files now loaded: 0)
Unloading 6772 unused Assets / (5.1 MB). Loaded Objects now: 7616.
Memory consumption went from 200.6 MB to 195.5 MB.
Total: 32.083600 ms (FindLiveObjects: 2.064600 ms CreateObjectMapping: 2.067700 ms MarkObjects: 18.121600 ms  DeleteObjects: 9.823800 ms)

Prepare: number of updated asset objects reloaded= 0
========================================================================
Received Prepare
Begin MonoManager ReloadAssembly
- Loaded All Assemblies, in  2.544 seconds
Refreshing native plugins compatible for Editor in 2.52 ms, found 4 plugins.
Native extension for WindowsStandalone target not found
Mono: successfully reloaded assembly
- Finished resetting the current domain, in  1.822 seconds
Domain Reload Profiling: 4372ms
	BeginReloadAssembly (780ms)
		ExecutionOrderSort (0ms)
		DisableScriptedObjects (95ms)
		BackupInstance (0ms)
		ReleaseScriptingObjects (1ms)
		CreateAndSetChildDomain (291ms)
	RebuildCommonClasses (45ms)
	RebuildNativeTypeToScriptingClass (15ms)
	initialDomainReloadingComplete (39ms)
	LoadAllAssembliesAndSetupDomain (1671ms)
		LoadAssemblies (1321ms)
		RebuildTransferFunctionScriptingTraits (0ms)
		AnalyzeDomain (508ms)
			TypeCache.Refresh (34ms)
				TypeCache.ScanAssembly (0ms)
			BuildScriptInfoCaches (407ms)
			ResolveRequiredComponents (18ms)
	FinalizeReload (1822ms)
		ReleaseScriptCaches (0ms)
		RebuildScriptCaches (0ms)
		SetupLoadedEditorAssemblies (1497ms)
			LogAssemblyErrors (0ms)
			InitializePlatformSupportModulesInManaged (3ms)
			SetLoadedEditorAssemblies (16ms)
			BeforeProcessingInitializeOnLoad (313ms)
			ProcessInitializeOnLoadAttributes (1035ms)
			ProcessInitializeOnLoadMethodAttributes (126ms)
			AfterProcessingInitializeOnLoad (3ms)
			EditorAssembliesLoaded (1ms)
		ExecutionOrderSort2 (0ms)
		AwakeInstancesAfterBackupRestoration (25ms)
Refreshing native plugins compatible for Editor in 2.51 ms, found 4 plugins.
Preloading 0 native plugins for Editor in 0.00 ms.
Unloading 12 Unused Serialized files (Serialized files now loaded: 0)
Unloading 6772 unused Assets / (5.7 MB). Loaded Objects now: 7619.
Memory consumption went from 202.9 MB to 197.2 MB.
Total: 29.191700 ms (FindLiveObjects: 2.659900 ms CreateObjectMapping: 2.021400 ms MarkObjects: 15.623700 ms  DeleteObjects: 8.817900 ms)

Prepare: number of updated asset objects reloaded= 0
========================================================================
Received Prepare
Begin MonoManager ReloadAssembly
- Loaded All Assemblies, in  2.921 seconds
Refreshing native plugins compatible for Editor in 2.12 ms, found 4 plugins.
Native extension for WindowsStandalone target not found
Mono: successfully reloaded assembly
- Finished resetting the current domain, in  1.687 seconds
Domain Reload Profiling: 4640ms
	BeginReloadAssembly (625ms)
		ExecutionOrderSort (0ms)
		DisableScriptedObjects (64ms)
		BackupInstance (0ms)
		ReleaseScriptingObjects (1ms)
		CreateAndSetChildDomain (224ms)
	RebuildCommonClasses (54ms)
	RebuildNativeTypeToScriptingClass (15ms)
	initialDomainReloadingComplete (39ms)
	LoadAllAssembliesAndSetupDomain (2219ms)
		LoadAssemblies (1629ms)
		RebuildTransferFunctionScriptingTraits (0ms)
		AnalyzeDomain (771ms)
			TypeCache.Refresh (83ms)
				TypeCache.ScanAssembly (0ms)
			BuildScriptInfoCaches (616ms)
			ResolveRequiredComponents (29ms)
	FinalizeReload (1688ms)
		ReleaseScriptCaches (0ms)
		RebuildScriptCaches (0ms)
		SetupLoadedEditorAssemblies (1346ms)
			LogAssemblyErrors (0ms)
			InitializePlatformSupportModulesInManaged (4ms)
			SetLoadedEditorAssemblies (14ms)
			BeforeProcessingInitializeOnLoad (268ms)
			ProcessInitializeOnLoadAttributes (944ms)
			ProcessInitializeOnLoadMethodAttributes (112ms)
			AfterProcessingInitializeOnLoad (3ms)
			EditorAssembliesLoaded (1ms)
		ExecutionOrderSort2 (0ms)
		AwakeInstancesAfterBackupRestoration (26ms)
Refreshing native plugins compatible for Editor in 3.04 ms, found 4 plugins.
Preloading 0 native plugins for Editor in 0.00 ms.
Unloading 12 Unused Serialized files (Serialized files now loaded: 0)
Unloading 6772 unused Assets / (5.0 MB). Loaded Objects now: 7622.
Memory consumption went from 205.2 MB to 200.2 MB.
Total: 24.755300 ms (FindLiveObjects: 2.136600 ms CreateObjectMapping: 2.232800 ms MarkObjects: 12.964300 ms  DeleteObjects: 7.416500 ms)

Prepare: number of updated asset objects reloaded= 0
========================================================================
Received Prepare
Begin MonoManager ReloadAssembly
- Loaded All Assemblies, in  1.363 seconds
Refreshing native plugins compatible for Editor in 3.20 ms, found 4 plugins.
Native extension for WindowsStandalone target not found
Mono: successfully reloaded assembly
- Finished resetting the current domain, in  1.591 seconds
Domain Reload Profiling: 3004ms
	BeginReloadAssembly (333ms)
		ExecutionOrderSort (0ms)
		DisableScriptedObjects (20ms)
		BackupInstance (0ms)
		ReleaseScriptingObjects (0ms)
		CreateAndSetChildDomain (101ms)
	RebuildCommonClasses (46ms)
	RebuildNativeTypeToScriptingClass (15ms)
	initialDomainReloadingComplete (34ms)
	LoadAllAssembliesAndSetupDomain (983ms)
		LoadAssemblies (664ms)
		RebuildTransferFunctionScriptingTraits (0ms)
		AnalyzeDomain (417ms)
			TypeCache.Refresh (33ms)
				TypeCache.ScanAssembly (0ms)
			BuildScriptInfoCaches (315ms)
			ResolveRequiredComponents (17ms)
	FinalizeReload (1593ms)
		ReleaseScriptCaches (0ms)
		RebuildScriptCaches (0ms)
		SetupLoadedEditorAssemblies (1355ms)
			LogAssemblyErrors (0ms)
			InitializePlatformSupportModulesInManaged (3ms)
			SetLoadedEditorAssemblies (10ms)
			BeforeProcessingInitializeOnLoad (263ms)
			ProcessInitializeOnLoadAttributes (967ms)
			ProcessInitializeOnLoadMethodAttributes (109ms)
			AfterProcessingInitializeOnLoad (3ms)
			EditorAssembliesLoaded (1ms)
		ExecutionOrderSort2 (0ms)
		AwakeInstancesAfterBackupRestoration (21ms)
Refreshing native plugins compatible for Editor in 2.51 ms, found 4 plugins.
Preloading 0 native plugins for Editor in 0.00 ms.
Unloading 12 Unused Serialized files (Serialized files now loaded: 0)
Unloading 6772 unused Assets / (4.4 MB). Loaded Objects now: 7625.
Memory consumption went from 207.4 MB to 203.0 MB.
Total: 26.808200 ms (FindLiveObjects: 2.982600 ms CreateObjectMapping: 2.462200 ms MarkObjects: 13.911500 ms  DeleteObjects: 7.445500 ms)

Prepare: number of updated asset objects reloaded= 0
========================================================================
Received Import Request.
  Time since last request: 3279.076218 seconds.
  path: Assets/UDON/Assets/PoundScene/13.png
  artifactKey: Guid(4cb43a27292e33d4b948fae27af45961) Importer(815301076,1909f56bfc062723c751e8b465ee728b)
Start importing Assets/UDON/Assets/PoundScene/13.png using Guid(4cb43a27292e33d4b948fae27af45961) Importer(815301076,1909f56bfc062723c751e8b465ee728b) (PreviewImporter) -> (artifact id: '46afc373cd8f59229d060a7c77754a13') in 0.6402073 seconds
Number of updated asset objects reloaded before import = 0Number of asset objects unloaded after import = 3

========================================================================
Received Prepare
Begin MonoManager ReloadAssembly
- Loaded All Assemblies, in  1.629 seconds
Refreshing native plugins compatible for Editor in 1.78 ms, found 4 plugins.
Native extension for WindowsStandalone target not found
Mono: successfully reloaded assembly
- Finished resetting the current domain, in  1.619 seconds
Domain Reload Profiling: 3260ms
	BeginReloadAssembly (334ms)
		ExecutionOrderSort (0ms)
		DisableScriptedObjects (19ms)
		BackupInstance (0ms)
		ReleaseScriptingObjects (1ms)
		CreateAndSetChildDomain (96ms)
	RebuildCommonClasses (47ms)
	RebuildNativeTypeToScriptingClass (15ms)
	initialDomainReloadingComplete (33ms)
	LoadAllAssembliesAndSetupDomain (1212ms)
		LoadAssemblies (922ms)
		RebuildTransferFunctionScriptingTraits (0ms)
		AnalyzeDomain (431ms)
			TypeCache.Refresh (18ms)
				TypeCache.ScanAssembly (0ms)
			BuildScriptInfoCaches (349ms)
			ResolveRequiredComponents (21ms)
	FinalizeReload (1620ms)
		ReleaseScriptCaches (0ms)
		RebuildScriptCaches (0ms)
		SetupLoadedEditorAssemblies (1336ms)
			LogAssemblyErrors (0ms)
			InitializePlatformSupportModulesInManaged (2ms)
			SetLoadedEditorAssemblies (8ms)
			BeforeProcessingInitializeOnLoad (210ms)
			ProcessInitializeOnLoadAttributes (991ms)
			ProcessInitializeOnLoadMethodAttributes (121ms)
			AfterProcessingInitializeOnLoad (3ms)
			EditorAssembliesLoaded (1ms)
		ExecutionOrderSort2 (0ms)
		AwakeInstancesAfterBackupRestoration (23ms)
Refreshing native plugins compatible for Editor in 1.69 ms, found 4 plugins.
Preloading 0 native plugins for Editor in 0.00 ms.
Unloading 12 Unused Serialized files (Serialized files now loaded: 0)
Unloading 6772 unused Assets / (5.3 MB). Loaded Objects now: 7631.
Memory consumption went from 156.7 MB to 151.4 MB.
Total: 30.998100 ms (FindLiveObjects: 2.436600 ms CreateObjectMapping: 2.442500 ms MarkObjects: 14.942900 ms  DeleteObjects: 11.169400 ms)

Prepare: number of updated asset objects reloaded= 0
========================================================================
Received Prepare
Begin MonoManager ReloadAssembly
- Loaded All Assemblies, in  1.027 seconds
Refreshing native plugins compatible for Editor in 1.87 ms, found 4 plugins.
Native extension for WindowsStandalone target not found
Mono: successfully reloaded assembly
- Finished resetting the current domain, in  1.297 seconds
Domain Reload Profiling: 2328ms
	BeginReloadAssembly (293ms)
		ExecutionOrderSort (0ms)
		DisableScriptedObjects (17ms)
		BackupInstance (0ms)
		ReleaseScriptingObjects (0ms)
		CreateAndSetChildDomain (67ms)
	RebuildCommonClasses (44ms)
	RebuildNativeTypeToScriptingClass (17ms)
	initialDomainReloadingComplete (34ms)
	LoadAllAssembliesAndSetupDomain (643ms)
		LoadAssemblies (503ms)
		RebuildTransferFunctionScriptingTraits (0ms)
		AnalyzeDomain (285ms)
			TypeCache.Refresh (10ms)
				TypeCache.ScanAssembly (0ms)
			BuildScriptInfoCaches (253ms)
			ResolveRequiredComponents (17ms)
	FinalizeReload (1298ms)
		ReleaseScriptCaches (0ms)
		RebuildScriptCaches (0ms)
		SetupLoadedEditorAssemblies (1047ms)
			LogAssemblyErrors (0ms)
			InitializePlatformSupportModulesInManaged (2ms)
			SetLoadedEditorAssemblies (8ms)
			BeforeProcessingInitializeOnLoad (192ms)
			ProcessInitializeOnLoadAttributes (751ms)
			ProcessInitializeOnLoadMethodAttributes (90ms)
			AfterProcessingInitializeOnLoad (3ms)
			EditorAssembliesLoaded (1ms)
		ExecutionOrderSort2 (0ms)
		AwakeInstancesAfterBackupRestoration (27ms)
Refreshing native plugins compatible for Editor in 2.19 ms, found 4 plugins.
Preloading 0 native plugins for Editor in 0.00 ms.
Unloading 12 Unused Serialized files (Serialized files now loaded: 0)
Unloading 6772 unused Assets / (5.7 MB). Loaded Objects now: 7634.
Memory consumption went from 159.0 MB to 153.3 MB.
Total: 26.105400 ms (FindLiveObjects: 2.183900 ms CreateObjectMapping: 2.412900 ms MarkObjects: 13.285100 ms  DeleteObjects: 8.218400 ms)

Prepare: number of updated asset objects reloaded= 0
========================================================================
Received Prepare
Begin MonoManager ReloadAssembly
- Loaded All Assemblies, in  1.005 seconds
Refreshing native plugins compatible for Editor in 1.51 ms, found 4 plugins.
Native extension for WindowsStandalone target not found
Mono: successfully reloaded assembly
- Finished resetting the current domain, in  1.256 seconds
Domain Reload Profiling: 2266ms
	BeginReloadAssembly (290ms)
		ExecutionOrderSort (0ms)
		DisableScriptedObjects (18ms)
		BackupInstance (0ms)
		ReleaseScriptingObjects (0ms)
		CreateAndSetChildDomain (87ms)
	RebuildCommonClasses (46ms)
	RebuildNativeTypeToScriptingClass (16ms)
	initialDomainReloadingComplete (29ms)
	LoadAllAssembliesAndSetupDomain (628ms)
		LoadAssemblies (487ms)
		RebuildTransferFunctionScriptingTraits (0ms)
		AnalyzeDomain (264ms)
			TypeCache.Refresh (8ms)
				TypeCache.ScanAssembly (0ms)
			BuildScriptInfoCaches (234ms)
			ResolveRequiredComponents (15ms)
	FinalizeReload (1257ms)
		ReleaseScriptCaches (0ms)
		RebuildScriptCaches (0ms)
		SetupLoadedEditorAssemblies (1040ms)
			LogAssemblyErrors (0ms)
			InitializePlatformSupportModulesInManaged (2ms)
			SetLoadedEditorAssemblies (7ms)
			BeforeProcessingInitializeOnLoad (196ms)
			ProcessInitializeOnLoadAttributes (746ms)
			ProcessInitializeOnLoadMethodAttributes (87ms)
			AfterProcessingInitializeOnLoad (2ms)
			EditorAssembliesLoaded (0ms)
		ExecutionOrderSort2 (0ms)
		AwakeInstancesAfterBackupRestoration (19ms)
Refreshing native plugins compatible for Editor in 2.04 ms, found 4 plugins.
Preloading 0 native plugins for Editor in 0.00 ms.
Unloading 12 Unused Serialized files (Serialized files now loaded: 0)
Unloading 6772 unused Assets / (5.6 MB). Loaded Objects now: 7637.
Memory consumption went from 161.2 MB to 155.6 MB.
Total: 27.496500 ms (FindLiveObjects: 2.575200 ms CreateObjectMapping: 2.618200 ms MarkObjects: 11.545300 ms  DeleteObjects: 10.754300 ms)

Prepare: number of updated asset objects reloaded= 0
========================================================================
Received Prepare
Begin MonoManager ReloadAssembly
- Loaded All Assemblies, in  1.098 seconds
Refreshing native plugins compatible for Editor in 2.86 ms, found 4 plugins.
Native extension for WindowsStandalone target not found
Mono: successfully reloaded assembly
- Finished resetting the current domain, in  1.562 seconds
Domain Reload Profiling: 2665ms
	BeginReloadAssembly (273ms)
		ExecutionOrderSort (0ms)
		DisableScriptedObjects (20ms)
		BackupInstance (0ms)
		ReleaseScriptingObjects (0ms)
		CreateAndSetChildDomain (72ms)
	RebuildCommonClasses (50ms)
	RebuildNativeTypeToScriptingClass (17ms)
	initialDomainReloadingComplete (31ms)
	LoadAllAssembliesAndSetupDomain (730ms)
		LoadAssemblies (565ms)
		RebuildTransferFunctionScriptingTraits (0ms)
		AnalyzeDomain (281ms)
			TypeCache.Refresh (9ms)
				TypeCache.ScanAssembly (0ms)
			BuildScriptInfoCaches (252ms)
			ResolveRequiredComponents (15ms)
	FinalizeReload (1564ms)
		ReleaseScriptCaches (0ms)
		RebuildScriptCaches (0ms)
		SetupLoadedEditorAssemblies (1318ms)
			LogAssemblyErrors (0ms)
			InitializePlatformSupportModulesInManaged (3ms)
			SetLoadedEditorAssemblies (8ms)
			BeforeProcessingInitializeOnLoad (191ms)
			ProcessInitializeOnLoadAttributes (985ms)
			ProcessInitializeOnLoadMethodAttributes (126ms)
			AfterProcessingInitializeOnLoad (4ms)
			EditorAssembliesLoaded (1ms)
		ExecutionOrderSort2 (0ms)
		AwakeInstancesAfterBackupRestoration (26ms)
Refreshing native plugins compatible for Editor in 2.15 ms, found 4 plugins.
Preloading 0 native plugins for Editor in 0.00 ms.
Unloading 12 Unused Serialized files (Serialized files now loaded: 0)
Unloading 6772 unused Assets / (6.7 MB). Loaded Objects now: 7640.
Memory consumption went from 163.5 MB to 156.8 MB.
Total: 33.784700 ms (FindLiveObjects: 2.959700 ms CreateObjectMapping: 2.824800 ms MarkObjects: 15.273900 ms  DeleteObjects: 12.722100 ms)

Prepare: number of updated asset objects reloaded= 0
========================================================================
Received Prepare
Begin MonoManager ReloadAssembly
- Loaded All Assemblies, in  1.088 seconds
Refreshing native plugins compatible for Editor in 1.67 ms, found 4 plugins.
Native extension for WindowsStandalone target not found
Mono: successfully reloaded assembly
- Finished resetting the current domain, in  1.445 seconds
Domain Reload Profiling: 2538ms
	BeginReloadAssembly (314ms)
		ExecutionOrderSort (0ms)
		DisableScriptedObjects (18ms)
		BackupInstance (0ms)
		ReleaseScriptingObjects (0ms)
		CreateAndSetChildDomain (75ms)
	RebuildCommonClasses (47ms)
	RebuildNativeTypeToScriptingClass (16ms)
	initialDomainReloadingComplete (34ms)
	LoadAllAssembliesAndSetupDomain (681ms)
		LoadAssemblies (502ms)
		RebuildTransferFunctionScriptingTraits (0ms)
		AnalyzeDomain (332ms)
			TypeCache.Refresh (10ms)
				TypeCache.ScanAssembly (0ms)
			BuildScriptInfoCaches (292ms)
			ResolveRequiredComponents (16ms)
	FinalizeReload (1446ms)
		ReleaseScriptCaches (0ms)
		RebuildScriptCaches (0ms)
		SetupLoadedEditorAssemblies (1209ms)
			LogAssemblyErrors (0ms)
			InitializePlatformSupportModulesInManaged (2ms)
			SetLoadedEditorAssemblies (8ms)
			BeforeProcessingInitializeOnLoad (303ms)
			ProcessInitializeOnLoadAttributes (787ms)
			ProcessInitializeOnLoadMethodAttributes (106ms)
			AfterProcessingInitializeOnLoad (3ms)
			EditorAssembliesLoaded (1ms)
		ExecutionOrderSort2 (0ms)
		AwakeInstancesAfterBackupRestoration (25ms)
Refreshing native plugins compatible for Editor in 2.12 ms, found 4 plugins.
Preloading 0 native plugins for Editor in 0.00 ms.
Unloading 12 Unused Serialized files (Serialized files now loaded: 0)
Unloading 6772 unused Assets / (6.1 MB). Loaded Objects now: 7643.
Memory consumption went from 165.7 MB to 159.6 MB.
Total: 26.913100 ms (FindLiveObjects: 2.070600 ms CreateObjectMapping: 2.046900 ms MarkObjects: 11.943400 ms  DeleteObjects: 10.848400 ms)

Prepare: number of updated asset objects reloaded= 0
========================================================================
Received Prepare
Begin MonoManager ReloadAssembly
- Loaded All Assemblies, in  0.991 seconds
Refreshing native plugins compatible for Editor in 1.41 ms, found 4 plugins.
Native extension for WindowsStandalone target not found
Mono: successfully reloaded assembly
- Finished resetting the current domain, in  1.159 seconds
Domain Reload Profiling: 2152ms
	BeginReloadAssembly (278ms)
		ExecutionOrderSort (0ms)
		DisableScriptedObjects (16ms)
		BackupInstance (0ms)
		ReleaseScriptingObjects (0ms)
		CreateAndSetChildDomain (72ms)
	RebuildCommonClasses (45ms)
	RebuildNativeTypeToScriptingClass (16ms)
	initialDomainReloadingComplete (31ms)
	LoadAllAssembliesAndSetupDomain (622ms)
		LoadAssemblies (445ms)
		RebuildTransferFunctionScriptingTraits (0ms)
		AnalyzeDomain (301ms)
			TypeCache.Refresh (14ms)
				TypeCache.ScanAssembly (0ms)
			BuildScriptInfoCaches (267ms)
			ResolveRequiredComponents (17ms)
	FinalizeReload (1160ms)
		ReleaseScriptCaches (0ms)
		RebuildScriptCaches (0ms)
		SetupLoadedEditorAssemblies (971ms)
			LogAssemblyErrors (0ms)
			InitializePlatformSupportModulesInManaged (2ms)
			SetLoadedEditorAssemblies (4ms)
			BeforeProcessingInitializeOnLoad (196ms)
			ProcessInitializeOnLoadAttributes (692ms)
			ProcessInitializeOnLoadMethodAttributes (74ms)
			AfterProcessingInitializeOnLoad (2ms)
			EditorAssembliesLoaded (0ms)
		ExecutionOrderSort2 (0ms)
		AwakeInstancesAfterBackupRestoration (18ms)
Refreshing native plugins compatible for Editor in 1.37 ms, found 4 plugins.
Preloading 0 native plugins for Editor in 0.00 ms.
Unloading 12 Unused Serialized files (Serialized files now loaded: 0)
Unloading 6772 unused Assets / (6.6 MB). Loaded Objects now: 7646.
Memory consumption went from 168.0 MB to 161.4 MB.
Total: 16.650200 ms (FindLiveObjects: 1.573000 ms CreateObjectMapping: 1.368800 ms MarkObjects: 7.113800 ms  DeleteObjects: 6.592000 ms)

Prepare: number of updated asset objects reloaded= 0
========================================================================
Received Prepare
Begin MonoManager ReloadAssembly
- Loaded All Assemblies, in  0.983 seconds
Refreshing native plugins compatible for Editor in 1.43 ms, found 4 plugins.
Native extension for WindowsStandalone target not found
Mono: successfully reloaded assembly
- Finished resetting the current domain, in  1.236 seconds
Domain Reload Profiling: 2222ms
	BeginReloadAssembly (264ms)
		ExecutionOrderSort (0ms)
		DisableScriptedObjects (18ms)
		BackupInstance (0ms)
		ReleaseScriptingObjects (0ms)
		CreateAndSetChildDomain (63ms)
	RebuildCommonClasses (46ms)
	RebuildNativeTypeToScriptingClass (16ms)
	initialDomainReloadingComplete (30ms)
	LoadAllAssembliesAndSetupDomain (629ms)
		LoadAssemblies (470ms)
		RebuildTransferFunctionScriptingTraits (0ms)
		AnalyzeDomain (278ms)
			TypeCache.Refresh (10ms)
				TypeCache.ScanAssembly (0ms)
			BuildScriptInfoCaches (247ms)
			ResolveRequiredComponents (15ms)
	FinalizeReload (1237ms)
		ReleaseScriptCaches (0ms)
		RebuildScriptCaches (0ms)
		SetupLoadedEditorAssemblies (1033ms)
			LogAssemblyErrors (0ms)
			InitializePlatformSupportModulesInManaged (2ms)
			SetLoadedEditorAssemblies (8ms)
			BeforeProcessingInitializeOnLoad (192ms)
			ProcessInitializeOnLoadAttributes (750ms)
			ProcessInitializeOnLoadMethodAttributes (78ms)
			AfterProcessingInitializeOnLoad (2ms)
			EditorAssembliesLoaded (1ms)
		ExecutionOrderSort2 (0ms)
		AwakeInstancesAfterBackupRestoration (21ms)
Refreshing native plugins compatible for Editor in 1.28 ms, found 4 plugins.
Preloading 0 native plugins for Editor in 0.00 ms.
Unloading 12 Unused Serialized files (Serialized files now loaded: 0)
Unloading 6772 unused Assets / (5.9 MB). Loaded Objects now: 7649.
Memory consumption went from 170.2 MB to 164.3 MB.
Total: 15.314300 ms (FindLiveObjects: 1.250000 ms CreateObjectMapping: 1.292000 ms MarkObjects: 6.640500 ms  DeleteObjects: 6.127900 ms)

Prepare: number of updated asset objects reloaded= 0
========================================================================
Received Prepare
Begin MonoManager ReloadAssembly
- Loaded All Assemblies, in  1.276 seconds
Refreshing native plugins compatible for Editor in 2.64 ms, found 4 plugins.
Native extension for WindowsStandalone target not found
Mono: successfully reloaded assembly
- Finished resetting the current domain, in  1.627 seconds
Domain Reload Profiling: 2910ms
	BeginReloadAssembly (372ms)
		ExecutionOrderSort (0ms)
		DisableScriptedObjects (26ms)
		BackupInstance (0ms)
		ReleaseScriptingObjects (2ms)
		CreateAndSetChildDomain (86ms)
	RebuildCommonClasses (49ms)
	RebuildNativeTypeToScriptingClass (15ms)
	initialDomainReloadingComplete (56ms)
	LoadAllAssembliesAndSetupDomain (789ms)
		LoadAssemblies (576ms)
		RebuildTransferFunctionScriptingTraits (0ms)
		AnalyzeDomain (375ms)
			TypeCache.Refresh (31ms)
				TypeCache.ScanAssembly (0ms)
			BuildScriptInfoCaches (287ms)
			ResolveRequiredComponents (15ms)
	FinalizeReload (1628ms)
		ReleaseScriptCaches (0ms)
		RebuildScriptCaches (0ms)
		SetupLoadedEditorAssemblies (1365ms)
			LogAssemblyErrors (0ms)
			InitializePlatformSupportModulesInManaged (2ms)
			SetLoadedEditorAssemblies (8ms)
			BeforeProcessingInitializeOnLoad (235ms)
			ProcessInitializeOnLoadAttributes (1000ms)
			ProcessInitializeOnLoadMethodAttributes (114ms)
			AfterProcessingInitializeOnLoad (3ms)
			EditorAssembliesLoaded (1ms)
		ExecutionOrderSort2 (0ms)
		AwakeInstancesAfterBackupRestoration (27ms)
Refreshing native plugins compatible for Editor in 2.43 ms, found 4 plugins.
Preloading 0 native plugins for Editor in 0.00 ms.
Unloading 12 Unused Serialized files (Serialized files now loaded: 0)
Unloading 6772 unused Assets / (6.2 MB). Loaded Objects now: 7652.
Memory consumption went from 172.5 MB to 166.3 MB.
Total: 29.585500 ms (FindLiveObjects: 2.480500 ms CreateObjectMapping: 1.866900 ms MarkObjects: 13.604200 ms  DeleteObjects: 11.628400 ms)

Prepare: number of updated asset objects reloaded= 0
========================================================================
Received Prepare
Begin MonoManager ReloadAssembly
- Loaded All Assemblies, in  0.965 seconds
Refreshing native plugins compatible for Editor in 1.42 ms, found 4 plugins.
Native extension for WindowsStandalone target not found
Mono: successfully reloaded assembly
- Finished resetting the current domain, in  1.208 seconds
Domain Reload Profiling: 2177ms
	BeginReloadAssembly (268ms)
		ExecutionOrderSort (0ms)
		DisableScriptedObjects (19ms)
		BackupInstance (0ms)
		ReleaseScriptingObjects (0ms)
		CreateAndSetChildDomain (73ms)
	RebuildCommonClasses (49ms)
	RebuildNativeTypeToScriptingClass (15ms)
	initialDomainReloadingComplete (32ms)
	LoadAllAssembliesAndSetupDomain (603ms)
		LoadAssemblies (430ms)
		RebuildTransferFunctionScriptingTraits (0ms)
		AnalyzeDomain (286ms)
			TypeCache.Refresh (10ms)
				TypeCache.ScanAssembly (0ms)
			BuildScriptInfoCaches (257ms)
			ResolveRequiredComponents (15ms)
	FinalizeReload (1209ms)
		ReleaseScriptCaches (0ms)
		RebuildScriptCaches (0ms)
		SetupLoadedEditorAssemblies (1008ms)
			LogAssemblyErrors (0ms)
			InitializePlatformSupportModulesInManaged (2ms)
			SetLoadedEditorAssemblies (8ms)
			BeforeProcessingInitializeOnLoad (183ms)
			ProcessInitializeOnLoadAttributes (721ms)
			ProcessInitializeOnLoadMethodAttributes (92ms)
			AfterProcessingInitializeOnLoad (2ms)
			EditorAssembliesLoaded (0ms)
		ExecutionOrderSort2 (0ms)
		AwakeInstancesAfterBackupRestoration (20ms)
Refreshing native plugins compatible for Editor in 2.49 ms, found 4 plugins.
Preloading 0 native plugins for Editor in 0.00 ms.
Unloading 12 Unused Serialized files (Serialized files now loaded: 0)
Unloading 6772 unused Assets / (6.1 MB). Loaded Objects now: 7655.
Memory consumption went from 174.7 MB to 168.6 MB.
Total: 21.850600 ms (FindLiveObjects: 1.290200 ms CreateObjectMapping: 1.517100 ms MarkObjects: 10.132900 ms  DeleteObjects: 8.907700 ms)

Prepare: number of updated asset objects reloaded= 0
========================================================================
Received Prepare
Begin MonoManager ReloadAssembly
- Loaded All Assemblies, in  1.391 seconds
Refreshing native plugins compatible for Editor in 1.64 ms, found 4 plugins.
Native extension for WindowsStandalone target not found
Mono: successfully reloaded assembly
- Finished resetting the current domain, in  1.504 seconds
Domain Reload Profiling: 2902ms
	BeginReloadAssembly (430ms)
		ExecutionOrderSort (0ms)
		DisableScriptedObjects (52ms)
		BackupInstance (0ms)
		ReleaseScriptingObjects (1ms)
		CreateAndSetChildDomain (129ms)
	RebuildCommonClasses (48ms)
	RebuildNativeTypeToScriptingClass (17ms)
	initialDomainReloadingComplete (42ms)
	LoadAllAssembliesAndSetupDomain (858ms)
		LoadAssemblies (675ms)
		RebuildTransferFunctionScriptingTraits (0ms)
		AnalyzeDomain (332ms)
			TypeCache.Refresh (11ms)
				TypeCache.ScanAssembly (0ms)
			BuildScriptInfoCaches (298ms)
			ResolveRequiredComponents (17ms)
	FinalizeReload (1506ms)
		ReleaseScriptCaches (0ms)
		RebuildScriptCaches (0ms)
		SetupLoadedEditorAssemblies (1189ms)
			LogAssemblyErrors (0ms)
			InitializePlatformSupportModulesInManaged (2ms)
			SetLoadedEditorAssemblies (8ms)
			BeforeProcessingInitializeOnLoad (215ms)
			ProcessInitializeOnLoadAttributes (865ms)
			ProcessInitializeOnLoadMethodAttributes (96ms)
			AfterProcessingInitializeOnLoad (2ms)
			EditorAssembliesLoaded (1ms)
		ExecutionOrderSort2 (0ms)
		AwakeInstancesAfterBackupRestoration (26ms)
Refreshing native plugins compatible for Editor in 1.38 ms, found 4 plugins.
Preloading 0 native plugins for Editor in 0.00 ms.
Unloading 12 Unused Serialized files (Serialized files now loaded: 0)
Unloading 6772 unused Assets / (5.2 MB). Loaded Objects now: 7658.
Memory consumption went from 177.0 MB to 171.7 MB.
Total: 15.633300 ms (FindLiveObjects: 1.169600 ms CreateObjectMapping: 0.867200 ms MarkObjects: 7.424200 ms  DeleteObjects: 6.168700 ms)

Prepare: number of updated asset objects reloaded= 0
========================================================================
Received Prepare
Begin MonoManager ReloadAssembly
- Loaded All Assemblies, in  0.921 seconds
Refreshing native plugins compatible for Editor in 1.61 ms, found 4 plugins.
Native extension for WindowsStandalone target not found
Mono: successfully reloaded assembly
- Finished resetting the current domain, in  1.212 seconds
Domain Reload Profiling: 2137ms
	BeginReloadAssembly (267ms)
		ExecutionOrderSort (0ms)
		DisableScriptedObjects (18ms)
		BackupInstance (0ms)
		ReleaseScriptingObjects (0ms)
		CreateAndSetChildDomain (70ms)
	RebuildCommonClasses (43ms)
	RebuildNativeTypeToScriptingClass (16ms)
	initialDomainReloadingComplete (29ms)
	LoadAllAssembliesAndSetupDomain (569ms)
		LoadAssemblies (410ms)
		RebuildTransferFunctionScriptingTraits (0ms)
		AnalyzeDomain (274ms)
			TypeCache.Refresh (9ms)
				TypeCache.ScanAssembly (0ms)
			BuildScriptInfoCaches (246ms)
			ResolveRequiredComponents (15ms)
	FinalizeReload (1213ms)
		ReleaseScriptCaches (0ms)
		RebuildScriptCaches (0ms)
		SetupLoadedEditorAssemblies (991ms)
			LogAssemblyErrors (0ms)
			InitializePlatformSupportModulesInManaged (2ms)
			SetLoadedEditorAssemblies (8ms)
			BeforeProcessingInitializeOnLoad (169ms)
			ProcessInitializeOnLoadAttributes (711ms)
			ProcessInitializeOnLoadMethodAttributes (98ms)
			AfterProcessingInitializeOnLoad (3ms)
			EditorAssembliesLoaded (1ms)
		ExecutionOrderSort2 (0ms)
		AwakeInstancesAfterBackupRestoration (26ms)
Refreshing native plugins compatible for Editor in 2.06 ms, found 4 plugins.
Preloading 0 native plugins for Editor in 0.00 ms.
Unloading 12 Unused Serialized files (Serialized files now loaded: 0)
Unloading 6772 unused Assets / (5.7 MB). Loaded Objects now: 7661.
Memory consumption went from 179.2 MB to 173.6 MB.
Total: 19.452100 ms (FindLiveObjects: 1.786800 ms CreateObjectMapping: 2.760000 ms MarkObjects: 9.302100 ms  DeleteObjects: 5.600100 ms)

Prepare: number of updated asset objects reloaded= 0
========================================================================
Received Prepare
Begin MonoManager ReloadAssembly
- Loaded All Assemblies, in  0.939 seconds
Refreshing native plugins compatible for Editor in 1.38 ms, found 4 plugins.
Native extension for WindowsStandalone target not found
Mono: successfully reloaded assembly
- Finished resetting the current domain, in  1.250 seconds
Domain Reload Profiling: 2193ms
	BeginReloadAssembly (263ms)
		ExecutionOrderSort (0ms)
		DisableScriptedObjects (23ms)
		BackupInstance (0ms)
		ReleaseScriptingObjects (0ms)
		CreateAndSetChildDomain (67ms)
	RebuildCommonClasses (44ms)
	RebuildNativeTypeToScriptingClass (17ms)
	initialDomainReloadingComplete (29ms)
	LoadAllAssembliesAndSetupDomain (589ms)
		LoadAssemblies (424ms)
		RebuildTransferFunctionScriptingTraits (0ms)
		AnalyzeDomain (270ms)
			TypeCache.Refresh (8ms)
				TypeCache.ScanAssembly (0ms)
			BuildScriptInfoCaches (244ms)
			ResolveRequiredComponents (14ms)
	FinalizeReload (1251ms)
		ReleaseScriptCaches (0ms)
		RebuildScriptCaches (0ms)
		SetupLoadedEditorAssemblies (1015ms)
			LogAssemblyErrors (0ms)
			InitializePlatformSupportModulesInManaged (2ms)
			SetLoadedEditorAssemblies (8ms)
			BeforeProcessingInitializeOnLoad (182ms)
			ProcessInitializeOnLoadAttributes (726ms)
			ProcessInitializeOnLoadMethodAttributes (94ms)
			AfterProcessingInitializeOnLoad (2ms)
			EditorAssembliesLoaded (1ms)
		ExecutionOrderSort2 (0ms)
		AwakeInstancesAfterBackupRestoration (24ms)
Refreshing native plugins compatible for Editor in 2.02 ms, found 4 plugins.
Preloading 0 native plugins for Editor in 0.00 ms.
Unloading 12 Unused Serialized files (Serialized files now loaded: 0)
Unloading 6772 unused Assets / (5.0 MB). Loaded Objects now: 7664.
Memory consumption went from 181.5 MB to 176.4 MB.
Total: 20.919100 ms (FindLiveObjects: 1.881000 ms CreateObjectMapping: 2.010200 ms MarkObjects: 10.202100 ms  DeleteObjects: 6.821800 ms)

Prepare: number of updated asset objects reloaded= 0
========================================================================
Received Prepare
Begin MonoManager ReloadAssembly
- Loaded All Assemblies, in  0.951 seconds
Refreshing native plugins compatible for Editor in 1.34 ms, found 4 plugins.
Native extension for WindowsStandalone target not found
Mono: successfully reloaded assembly
- Finished resetting the current domain, in  1.249 seconds
Domain Reload Profiling: 2205ms
	BeginReloadAssembly (258ms)
		ExecutionOrderSort (0ms)
		DisableScriptedObjects (18ms)
		BackupInstance (0ms)
		ReleaseScriptingObjects (0ms)
		CreateAndSetChildDomain (61ms)
	RebuildCommonClasses (47ms)
	RebuildNativeTypeToScriptingClass (21ms)
	initialDomainReloadingComplete (34ms)
	LoadAllAssembliesAndSetupDomain (596ms)
		LoadAssemblies (425ms)
		RebuildTransferFunctionScriptingTraits (0ms)
		AnalyzeDomain (284ms)
			TypeCache.Refresh (8ms)
				TypeCache.ScanAssembly (0ms)
			BuildScriptInfoCaches (256ms)
			ResolveRequiredComponents (15ms)
	FinalizeReload (1250ms)
		ReleaseScriptCaches (0ms)
		RebuildScriptCaches (0ms)
		SetupLoadedEditorAssemblies (1039ms)
			LogAssemblyErrors (0ms)
			InitializePlatformSupportModulesInManaged (2ms)
			SetLoadedEditorAssemblies (7ms)
			BeforeProcessingInitializeOnLoad (180ms)
			ProcessInitializeOnLoadAttributes (738ms)
			ProcessInitializeOnLoadMethodAttributes (109ms)
			AfterProcessingInitializeOnLoad (2ms)
			EditorAssembliesLoaded (1ms)
		ExecutionOrderSort2 (0ms)
		AwakeInstancesAfterBackupRestoration (21ms)
Refreshing native plugins compatible for Editor in 1.80 ms, found 4 plugins.
Preloading 0 native plugins for Editor in 0.00 ms.
Unloading 12 Unused Serialized files (Serialized files now loaded: 0)
Unloading 6772 unused Assets / (5.4 MB). Loaded Objects now: 7667.
Memory consumption went from 183.7 MB to 178.4 MB.
Total: 22.761600 ms (FindLiveObjects: 1.444500 ms CreateObjectMapping: 2.349600 ms MarkObjects: 9.966300 ms  DeleteObjects: 8.998900 ms)

Prepare: number of updated asset objects reloaded= 0
========================================================================
Received Prepare
Begin MonoManager ReloadAssembly
- Loaded All Assemblies, in  1.860 seconds
Refreshing native plugins compatible for Editor in 4.88 ms, found 4 plugins.
Native extension for WindowsStandalone target not found
Mono: successfully reloaded assembly
- Finished resetting the current domain, in  1.681 seconds
Domain Reload Profiling: 3548ms
	BeginReloadAssembly (336ms)
		ExecutionOrderSort (0ms)
		DisableScriptedObjects (28ms)
		BackupInstance (0ms)
		ReleaseScriptingObjects (0ms)
		CreateAndSetChildDomain (77ms)
	RebuildCommonClasses (49ms)
	RebuildNativeTypeToScriptingClass (15ms)
	initialDomainReloadingComplete (28ms)
	LoadAllAssembliesAndSetupDomain (1438ms)
		LoadAssemblies (1206ms)
		RebuildTransferFunctionScriptingTraits (0ms)
		AnalyzeDomain (388ms)
			TypeCache.Refresh (33ms)
				TypeCache.ScanAssembly (0ms)
			BuildScriptInfoCaches (300ms)
			ResolveRequiredComponents (20ms)
	FinalizeReload (1682ms)
		ReleaseScriptCaches (0ms)
		RebuildScriptCaches (0ms)
		SetupLoadedEditorAssemblies (1357ms)
			LogAssemblyErrors (0ms)
			InitializePlatformSupportModulesInManaged (3ms)
			SetLoadedEditorAssemblies (13ms)
			BeforeProcessingInitializeOnLoad (248ms)
			ProcessInitializeOnLoadAttributes (961ms)
			ProcessInitializeOnLoadMethodAttributes (128ms)
			AfterProcessingInitializeOnLoad (3ms)
			EditorAssembliesLoaded (1ms)
		ExecutionOrderSort2 (0ms)
		AwakeInstancesAfterBackupRestoration (27ms)
Refreshing native plugins compatible for Editor in 2.00 ms, found 4 plugins.
Preloading 0 native plugins for Editor in 0.00 ms.
Unloading 12 Unused Serialized files (Serialized files now loaded: 0)
Unloading 6772 unused Assets / (4.5 MB). Loaded Objects now: 7670.
Memory consumption went from 186.0 MB to 181.4 MB.
Total: 24.431500 ms (FindLiveObjects: 2.629300 ms CreateObjectMapping: 2.571600 ms MarkObjects: 11.965800 ms  DeleteObjects: 7.259300 ms)

Prepare: number of updated asset objects reloaded= 0
========================================================================
Received Prepare
Begin MonoManager ReloadAssembly
- Loaded All Assemblies, in  1.144 seconds
Refreshing native plugins compatible for Editor in 1.60 ms, found 4 plugins.
Native extension for WindowsStandalone target not found
Mono: successfully reloaded assembly
- Finished resetting the current domain, in  1.488 seconds
Domain Reload Profiling: 2637ms
	BeginReloadAssembly (295ms)
		ExecutionOrderSort (0ms)
		DisableScriptedObjects (18ms)
		BackupInstance (0ms)
		ReleaseScriptingObjects (0ms)
		CreateAndSetChildDomain (70ms)
	RebuildCommonClasses (54ms)
	RebuildNativeTypeToScriptingClass (16ms)
	initialDomainReloadingComplete (31ms)
	LoadAllAssembliesAndSetupDomain (752ms)
		LoadAssemblies (573ms)
		RebuildTransferFunctionScriptingTraits (0ms)
		AnalyzeDomain (312ms)
			TypeCache.Refresh (9ms)
				TypeCache.ScanAssembly (0ms)
			BuildScriptInfoCaches (281ms)
			ResolveRequiredComponents (17ms)
	FinalizeReload (1488ms)
		ReleaseScriptCaches (0ms)
		RebuildScriptCaches (0ms)
		SetupLoadedEditorAssemblies (1250ms)
			LogAssemblyErrors (0ms)
			InitializePlatformSupportModulesInManaged (2ms)
			SetLoadedEditorAssemblies (8ms)
			BeforeProcessingInitializeOnLoad (205ms)
			ProcessInitializeOnLoadAttributes (905ms)
			ProcessInitializeOnLoadMethodAttributes (126ms)
			AfterProcessingInitializeOnLoad (3ms)
			EditorAssembliesLoaded (1ms)
		ExecutionOrderSort2 (0ms)
		AwakeInstancesAfterBackupRestoration (24ms)
Refreshing native plugins compatible for Editor in 1.79 ms, found 4 plugins.
Preloading 0 native plugins for Editor in 0.00 ms.
Unloading 12 Unused Serialized files (Serialized files now loaded: 0)
Unloading 6772 unused Assets / (5.5 MB). Loaded Objects now: 7673.
Memory consumption went from 188.2 MB to 182.8 MB.
Total: 26.378000 ms (FindLiveObjects: 1.839800 ms CreateObjectMapping: 2.256000 ms MarkObjects: 13.884100 ms  DeleteObjects: 8.395100 ms)

Prepare: number of updated asset objects reloaded= 0
========================================================================
Received Prepare
Begin MonoManager ReloadAssembly
- Loaded All Assemblies, in  1.069 seconds
Refreshing native plugins compatible for Editor in 1.52 ms, found 4 plugins.
Native extension for WindowsStandalone target not found
Mono: successfully reloaded assembly
- Finished resetting the current domain, in  1.329 seconds
Domain Reload Profiling: 2402ms
	BeginReloadAssembly (298ms)
		ExecutionOrderSort (0ms)
		DisableScriptedObjects (18ms)
		BackupInstance (0ms)
		ReleaseScriptingObjects (0ms)
		CreateAndSetChildDomain (68ms)
	RebuildCommonClasses (49ms)
	RebuildNativeTypeToScriptingClass (17ms)
	initialDomainReloadingComplete (35ms)
	LoadAllAssembliesAndSetupDomain (673ms)
		LoadAssemblies (466ms)
		RebuildTransferFunctionScriptingTraits (0ms)
		AnalyzeDomain (349ms)
			TypeCache.Refresh (15ms)
				TypeCache.ScanAssembly (0ms)
			BuildScriptInfoCaches (314ms)
			ResolveRequiredComponents (15ms)
	FinalizeReload (1330ms)
		ReleaseScriptCaches (0ms)
		RebuildScriptCaches (0ms)
		SetupLoadedEditorAssemblies (1081ms)
			LogAssemblyErrors (0ms)
			InitializePlatformSupportModulesInManaged (2ms)
			SetLoadedEditorAssemblies (8ms)
			BeforeProcessingInitializeOnLoad (211ms)
			ProcessInitializeOnLoadAttributes (760ms)
			ProcessInitializeOnLoadMethodAttributes (97ms)
			AfterProcessingInitializeOnLoad (3ms)
			EditorAssembliesLoaded (0ms)
		ExecutionOrderSort2 (0ms)
		AwakeInstancesAfterBackupRestoration (31ms)
Refreshing native plugins compatible for Editor in 2.16 ms, found 4 plugins.
Preloading 0 native plugins for Editor in 0.00 ms.
Unloading 12 Unused Serialized files (Serialized files now loaded: 0)
Unloading 6772 unused Assets / (6.0 MB). Loaded Objects now: 7676.
Memory consumption went from 190.5 MB to 184.4 MB.
Total: 29.981400 ms (FindLiveObjects: 2.520100 ms CreateObjectMapping: 2.348600 ms MarkObjects: 13.629800 ms  DeleteObjects: 11.479200 ms)

Prepare: number of updated asset objects reloaded= 0
========================================================================
Received Prepare
Begin MonoManager ReloadAssembly
- Loaded All Assemblies, in  1.117 seconds
Refreshing native plugins compatible for Editor in 2.35 ms, found 4 plugins.
Native extension for WindowsStandalone target not found
Mono: successfully reloaded assembly
- Finished resetting the current domain, in  1.394 seconds
Domain Reload Profiling: 2515ms
	BeginReloadAssembly (325ms)
		ExecutionOrderSort (0ms)
		DisableScriptedObjects (37ms)
		BackupInstance (0ms)
		ReleaseScriptingObjects (0ms)
		CreateAndSetChildDomain (63ms)
	RebuildCommonClasses (56ms)
	RebuildNativeTypeToScriptingClass (19ms)
	initialDomainReloadingComplete (36ms)
	LoadAllAssembliesAndSetupDomain (684ms)
		LoadAssemblies (530ms)
		RebuildTransferFunctionScriptingTraits (0ms)
		AnalyzeDomain (293ms)
			TypeCache.Refresh (10ms)
				TypeCache.ScanAssembly (0ms)
			BuildScriptInfoCaches (263ms)
			ResolveRequiredComponents (16ms)
	FinalizeReload (1394ms)
		ReleaseScriptCaches (0ms)
		RebuildScriptCaches (0ms)
		SetupLoadedEditorAssemblies (1135ms)
			LogAssemblyErrors (0ms)
			InitializePlatformSupportModulesInManaged (2ms)
			SetLoadedEditorAssemblies (9ms)
			BeforeProcessingInitializeOnLoad (204ms)
			ProcessInitializeOnLoadAttributes (776ms)
			ProcessInitializeOnLoadMethodAttributes (137ms)
			AfterProcessingInitializeOnLoad (7ms)
			EditorAssembliesLoaded (2ms)
		ExecutionOrderSort2 (0ms)
		AwakeInstancesAfterBackupRestoration (41ms)
Refreshing native plugins compatible for Editor in 1.67 ms, found 4 plugins.
Preloading 0 native plugins for Editor in 0.00 ms.
Unloading 12 Unused Serialized files (Serialized files now loaded: 0)
Unloading 6772 unused Assets / (5.2 MB). Loaded Objects now: 7679.
Memory consumption went from 192.7 MB to 187.6 MB.
Total: 21.105100 ms (FindLiveObjects: 1.462800 ms CreateObjectMapping: 1.904400 ms MarkObjects: 10.203300 ms  DeleteObjects: 7.531300 ms)

Prepare: number of updated asset objects reloaded= 0
========================================================================
Received Prepare
Begin MonoManager ReloadAssembly
- Loaded All Assemblies, in  8.608 seconds
Refreshing native plugins compatible for Editor in 3.68 ms, found 4 plugins.
Native extension for WindowsStandalone target not found
Mono: successfully reloaded assembly
- Finished resetting the current domain, in  2.206 seconds
Domain Reload Profiling: 10843ms
	BeginReloadAssembly (2733ms)
		ExecutionOrderSort (3ms)
		DisableScriptedObjects (661ms)
		BackupInstance (0ms)
		ReleaseScriptingObjects (3ms)
		CreateAndSetChildDomain (786ms)
	RebuildCommonClasses (372ms)
	RebuildNativeTypeToScriptingClass (20ms)
	initialDomainReloadingComplete (100ms)
	LoadAllAssembliesAndSetupDomain (5410ms)
		LoadAssemblies (5112ms)
		RebuildTransferFunctionScriptingTraits (0ms)
		AnalyzeDomain (1082ms)
			TypeCache.Refresh (71ms)
				TypeCache.ScanAssembly (0ms)
			BuildScriptInfoCaches (939ms)
			ResolveRequiredComponents (31ms)
	FinalizeReload (2207ms)
		ReleaseScriptCaches (0ms)
		RebuildScriptCaches (0ms)
		SetupLoadedEditorAssemblies (1822ms)
			LogAssemblyErrors (0ms)
			InitializePlatformSupportModulesInManaged (4ms)
			SetLoadedEditorAssemblies (16ms)
			BeforeProcessingInitializeOnLoad (442ms)
			ProcessInitializeOnLoadAttributes (1226ms)
			ProcessInitializeOnLoadMethodAttributes (129ms)
			AfterProcessingInitializeOnLoad (4ms)
			EditorAssembliesLoaded (1ms)
		ExecutionOrderSort2 (0ms)
		AwakeInstancesAfterBackupRestoration (38ms)
Refreshing native plugins compatible for Editor in 5.42 ms, found 4 plugins.
Preloading 0 native plugins for Editor in 0.00 ms.
Unloading 12 Unused Serialized files (Serialized files now loaded: 0)
Unloading 6772 unused Assets / (6.3 MB). Loaded Objects now: 7682.
Memory consumption went from 195.0 MB to 188.7 MB.
Total: 49.197300 ms (FindLiveObjects: 7.095900 ms CreateObjectMapping: 2.043300 ms MarkObjects: 22.735100 ms  DeleteObjects: 17.314300 ms)

Prepare: number of updated asset objects reloaded= 0
========================================================================
Received Import Request.
  Time since last request: 114844.110332 seconds.
  path: Assets/UDON/Assets/PoundScene/2.png
  artifactKey: Guid(30252360948b7484f93df1fbc4ba9825) Importer(815301076,1909f56bfc062723c751e8b465ee728b)
Start importing Assets/UDON/Assets/PoundScene/2.png using Guid(30252360948b7484f93df1fbc4ba9825) Importer(815301076,1909f56bfc062723c751e8b465ee728b) (PreviewImporter) -> (artifact id: '1981742c0d3d4583c3ff500a3230a58d') in 0.9303883 seconds
Number of updated asset objects reloaded before import = 0Number of asset objects unloaded after import = 3

========================================================================
Received Import Request.
  Time since last request: 0.000080 seconds.
  path: Assets/UDON/Assets/PoundScene/4.png
  artifactKey: Guid(59f8b5531f8075d43a62e94ab978054a) Importer(815301076,1909f56bfc062723c751e8b465ee728b)
Start importing Assets/UDON/Assets/PoundScene/4.png using Guid(59f8b5531f8075d43a62e94ab978054a) Importer(815301076,1909f56bfc062723c751e8b465ee728b) (PreviewImporter) -> (artifact id: 'fae8f0a580524712df10f3cbbc7c9875') in 0.053914 seconds
Number of updated asset objects reloaded before import = 0Number of asset objects unloaded after import = 3

========================================================================
Received Import Request.
  Time since last request: 330.440524 seconds.
  path: Assets/UDON/Assets/ล้างข้าว.mp4
  artifactKey: Guid(8c535ea44c34a4b468256422e429381e) Importer(815301076,1909f56bfc062723c751e8b465ee728b)
Start importing Assets/UDON/Assets/ล้างข้าว.mp4 using Guid(8c535ea44c34a4b468256422e429381e) Importer(815301076,1909f56bfc062723c751e8b465ee728b) (PreviewImporter) -> (artifact id: '5b28ef1b705fc8cc6b7db4ac60d14f84') in 0.1303269 seconds
Number of updated asset objects reloaded before import = 0Number of asset objects unloaded after import = 1

========================================================================
Received Import Request.
  Time since last request: 61.453136 seconds.
  path: Assets/UDON/Assets/ล้างข้าว.mp4
  artifactKey: Guid(8c535ea44c34a4b468256422e429381e) Importer(815301076,1909f56bfc062723c751e8b465ee728b)
Start importing Assets/UDON/Assets/ล้างข้าว.mp4 using Guid(8c535ea44c34a4b468256422e429381e) Importer(815301076,1909f56bfc062723c751e8b465ee728b) (PreviewImporter) -> (artifact id: '5dbeb2b835e2f16dcf8aae5002ecc586') in 0.0099091 seconds
Number of updated asset objects reloaded before import = 0Number of asset objects unloaded after import = 1

========================================================================
Received Import Request.
  Time since last request: 10.255542 seconds.
  path: Assets/Scenes/UDON_SCENE/DryingRiceScene.unity
  artifactKey: Guid(a716fd40121a8de4e886f22f2b6da02d) Importer(815301076,1909f56bfc062723c751e8b465ee728b)
Start importing Assets/Scenes/UDON_SCENE/DryingRiceScene.unity using Guid(a716fd40121a8de4e886f22f2b6da02d) Importer(815301076,1909f56bfc062723c751e8b465ee728b) (PreviewImporter) -> (artifact id: 'f0b93203459d66d39bf6fa63992917ab') in 0.0056743 seconds
Number of updated asset objects reloaded before import = 0Number of asset objects unloaded after import = 0

========================================================================
Received Prepare
Begin MonoManager ReloadAssembly
- Loaded All Assemblies, in  7.453 seconds
Refreshing native plugins compatible for Editor in 1.96 ms, found 4 plugins.
Native extension for WindowsStandalone target not found
Mono: successfully reloaded assembly
- Finished resetting the current domain, in  1.918 seconds
Domain Reload Profiling: 9394ms
	BeginReloadAssembly (2616ms)
		ExecutionOrderSort (1ms)
		DisableScriptedObjects (398ms)
		BackupInstance (0ms)
		ReleaseScriptingObjects (6ms)
		CreateAndSetChildDomain (817ms)
	RebuildCommonClasses (205ms)
	RebuildNativeTypeToScriptingClass (22ms)
	initialDomainReloadingComplete (149ms)
	LoadAllAssembliesAndSetupDomain (4482ms)
		LoadAssemblies (3910ms)
		RebuildTransferFunctionScriptingTraits (0ms)
		AnalyzeDomain (1029ms)
			TypeCache.Refresh (75ms)
				TypeCache.ScanAssembly (0ms)
			BuildScriptInfoCaches (892ms)
			ResolveRequiredComponents (27ms)
	FinalizeReload (1919ms)
		ReleaseScriptCaches (0ms)
		RebuildScriptCaches (0ms)
		SetupLoadedEditorAssemblies (1537ms)
			LogAssemblyErrors (0ms)
			InitializePlatformSupportModulesInManaged (4ms)
			SetLoadedEditorAssemblies (16ms)
			BeforeProcessingInitializeOnLoad (296ms)
			ProcessInitializeOnLoadAttributes (1062ms)
			ProcessInitializeOnLoadMethodAttributes (154ms)
			AfterProcessingInitializeOnLoad (3ms)
			EditorAssembliesLoaded (1ms)
		ExecutionOrderSort2 (0ms)
		AwakeInstancesAfterBackupRestoration (38ms)
Refreshing native plugins compatible for Editor in 2.83 ms, found 4 plugins.
Preloading 0 native plugins for Editor in 0.00 ms.
Unloading 12 Unused Serialized files (Serialized files now loaded: 0)
Unloading 6772 unused Assets / (7.8 MB). Loaded Objects now: 7689.
Memory consumption went from 157.5 MB to 149.7 MB.
Total: 18.603100 ms (FindLiveObjects: 1.972200 ms CreateObjectMapping: 0.917600 ms MarkObjects: 8.409700 ms  DeleteObjects: 7.298600 ms)

Prepare: number of updated asset objects reloaded= 0
========================================================================
Received Prepare
Begin MonoManager ReloadAssembly
- Loaded All Assemblies, in  1.383 seconds
Refreshing native plugins compatible for Editor in 2.65 ms, found 4 plugins.
Native extension for WindowsStandalone target not found
Mono: successfully reloaded assembly
- Finished resetting the current domain, in  1.534 seconds
Domain Reload Profiling: 2925ms
	BeginReloadAssembly (351ms)
		ExecutionOrderSort (0ms)
		DisableScriptedObjects (22ms)
		BackupInstance (0ms)
		ReleaseScriptingObjects (1ms)
		CreateAndSetChildDomain (83ms)
	RebuildCommonClasses (51ms)
	RebuildNativeTypeToScriptingClass (15ms)
	initialDomainReloadingComplete (53ms)
	LoadAllAssembliesAndSetupDomain (919ms)
		LoadAssemblies (656ms)
		RebuildTransferFunctionScriptingTraits (0ms)
		AnalyzeDomain (420ms)
			TypeCache.Refresh (22ms)
				TypeCache.ScanAssembly (0ms)
			BuildScriptInfoCaches (372ms)
			ResolveRequiredComponents (19ms)
	FinalizeReload (1535ms)
		ReleaseScriptCaches (0ms)
		RebuildScriptCaches (0ms)
		SetupLoadedEditorAssemblies (1278ms)
			LogAssemblyErrors (0ms)
			InitializePlatformSupportModulesInManaged (3ms)
			SetLoadedEditorAssemblies (10ms)
			BeforeProcessingInitializeOnLoad (221ms)
			ProcessInitializeOnLoadAttributes (904ms)
			ProcessInitializeOnLoadMethodAttributes (136ms)
			AfterProcessingInitializeOnLoad (3ms)
			EditorAssembliesLoaded (2ms)
		ExecutionOrderSort2 (0ms)
		AwakeInstancesAfterBackupRestoration (31ms)
Refreshing native plugins compatible for Editor in 2.36 ms, found 4 plugins.
Preloading 0 native plugins for Editor in 0.00 ms.
Unloading 12 Unused Serialized files (Serialized files now loaded: 0)
Unloading 6772 unused Assets / (6.0 MB). Loaded Objects now: 7692.
Memory consumption went from 159.8 MB to 153.8 MB.
Total: 28.986900 ms (FindLiveObjects: 2.842100 ms CreateObjectMapping: 2.810500 ms MarkObjects: 12.711400 ms  DeleteObjects: 10.618500 ms)

Prepare: number of updated asset objects reloaded= 0
========================================================================
Received Prepare
Begin MonoManager ReloadAssembly
- Loaded All Assemblies, in  1.158 seconds
Refreshing native plugins compatible for Editor in 3.24 ms, found 4 plugins.
Native extension for WindowsStandalone target not found
Mono: successfully reloaded assembly
- Finished resetting the current domain, in  1.205 seconds
Domain Reload Profiling: 2367ms
	BeginReloadAssembly (302ms)
		ExecutionOrderSort (0ms)
		DisableScriptedObjects (20ms)
		BackupInstance (0ms)
		ReleaseScriptingObjects (1ms)
		CreateAndSetChildDomain (75ms)
	RebuildCommonClasses (44ms)
	RebuildNativeTypeToScriptingClass (15ms)
	initialDomainReloadingComplete (37ms)
	LoadAllAssembliesAndSetupDomain (764ms)
		LoadAssemblies (578ms)
		RebuildTransferFunctionScriptingTraits (0ms)
		AnalyzeDomain (319ms)
			TypeCache.Refresh (10ms)
				TypeCache.ScanAssembly (0ms)
			BuildScriptInfoCaches (260ms)
			ResolveRequiredComponents (16ms)
	FinalizeReload (1205ms)
		ReleaseScriptCaches (0ms)
		RebuildScriptCaches (0ms)
		SetupLoadedEditorAssemblies (988ms)
			LogAssemblyErrors (0ms)
			InitializePlatformSupportModulesInManaged (2ms)
			SetLoadedEditorAssemblies (8ms)
			BeforeProcessingInitializeOnLoad (173ms)
			ProcessInitializeOnLoadAttributes (708ms)
			ProcessInitializeOnLoadMethodAttributes (94ms)
			AfterProcessingInitializeOnLoad (2ms)
			EditorAssembliesLoaded (0ms)
		ExecutionOrderSort2 (0ms)
		AwakeInstancesAfterBackupRestoration (20ms)
Refreshing native plugins compatible for Editor in 5.75 ms, found 4 plugins.
Preloading 0 native plugins for Editor in 0.00 ms.
Unloading 12 Unused Serialized files (Serialized files now loaded: 0)
Unloading 6772 unused Assets / (7.0 MB). Loaded Objects now: 7695.
Memory consumption went from 162.0 MB to 155.0 MB.
Total: 25.257700 ms (FindLiveObjects: 1.933800 ms CreateObjectMapping: 1.845000 ms MarkObjects: 9.359600 ms  DeleteObjects: 12.117100 ms)

Prepare: number of updated asset objects reloaded= 0
========================================================================
Received Prepare
Begin MonoManager ReloadAssembly
- Loaded All Assemblies, in  1.860 seconds
Refreshing native plugins compatible for Editor in 1.98 ms, found 4 plugins.
Native extension for WindowsStandalone target not found
Mono: successfully reloaded assembly
- Finished resetting the current domain, in  1.320 seconds
Domain Reload Profiling: 3185ms
	BeginReloadAssembly (287ms)
		ExecutionOrderSort (0ms)
		DisableScriptedObjects (17ms)
		BackupInstance (0ms)
		ReleaseScriptingObjects (0ms)
		CreateAndSetChildDomain (66ms)
	RebuildCommonClasses (49ms)
	RebuildNativeTypeToScriptingClass (15ms)
	initialDomainReloadingComplete (29ms)
	LoadAllAssembliesAndSetupDomain (1483ms)
		LoadAssemblies (1166ms)
		RebuildTransferFunctionScriptingTraits (0ms)
		AnalyzeDomain (454ms)
			TypeCache.Refresh (19ms)
				TypeCache.ScanAssembly (0ms)
			BuildScriptInfoCaches (400ms)
			ResolveRequiredComponents (19ms)
	FinalizeReload (1321ms)
		ReleaseScriptCaches (0ms)
		RebuildScriptCaches (0ms)
		SetupLoadedEditorAssemblies (1008ms)
			LogAssemblyErrors (0ms)
			InitializePlatformSupportModulesInManaged (4ms)
			SetLoadedEditorAssemblies (10ms)
			BeforeProcessingInitializeOnLoad (190ms)
			ProcessInitializeOnLoadAttributes (695ms)
			ProcessInitializeOnLoadMethodAttributes (105ms)
			AfterProcessingInitializeOnLoad (3ms)
			EditorAssembliesLoaded (1ms)
		ExecutionOrderSort2 (0ms)
		AwakeInstancesAfterBackupRestoration (30ms)
Refreshing native plugins compatible for Editor in 3.09 ms, found 4 plugins.
Preloading 0 native plugins for Editor in 0.00 ms.
Unloading 12 Unused Serialized files (Serialized files now loaded: 0)
Unloading 6772 unused Assets / (8.0 MB). Loaded Objects now: 7698.
Memory consumption went from 164.3 MB to 156.2 MB.
Total: 26.485300 ms (FindLiveObjects: 1.792700 ms CreateObjectMapping: 1.760500 ms MarkObjects: 9.967000 ms  DeleteObjects: 12.961400 ms)

Prepare: number of updated asset objects reloaded= 0
========================================================================
Received Prepare
Begin MonoManager ReloadAssembly
- Loaded All Assemblies, in  1.846 seconds
Refreshing native plugins compatible for Editor in 4.59 ms, found 4 plugins.
Native extension for WindowsStandalone target not found
Mono: successfully reloaded assembly
- Finished resetting the current domain, in  1.411 seconds
Domain Reload Profiling: 3263ms
	BeginReloadAssembly (311ms)
		ExecutionOrderSort (0ms)
		DisableScriptedObjects (16ms)
		BackupInstance (0ms)
		ReleaseScriptingObjects (0ms)
		CreateAndSetChildDomain (66ms)
	RebuildCommonClasses (48ms)
	RebuildNativeTypeToScriptingClass (15ms)
	initialDomainReloadingComplete (30ms)
	LoadAllAssembliesAndSetupDomain (1447ms)
		LoadAssemblies (1183ms)
		RebuildTransferFunctionScriptingTraits (0ms)
		AnalyzeDomain (425ms)
			TypeCache.Refresh (34ms)
				TypeCache.ScanAssembly (0ms)
			BuildScriptInfoCaches (335ms)
			ResolveRequiredComponents (21ms)
	FinalizeReload (1412ms)
		ReleaseScriptCaches (0ms)
		RebuildScriptCaches (0ms)
		SetupLoadedEditorAssemblies (1171ms)
			LogAssemblyErrors (0ms)
			InitializePlatformSupportModulesInManaged (2ms)
			SetLoadedEditorAssemblies (9ms)
			BeforeProcessingInitializeOnLoad (174ms)
			ProcessInitializeOnLoadAttributes (869ms)
			ProcessInitializeOnLoadMethodAttributes (113ms)
			AfterProcessingInitializeOnLoad (3ms)
			EditorAssembliesLoaded (1ms)
		ExecutionOrderSort2 (0ms)
		AwakeInstancesAfterBackupRestoration (24ms)
Refreshing native plugins compatible for Editor in 4.05 ms, found 4 plugins.
Preloading 0 native plugins for Editor in 0.00 ms.
Unloading 12 Unused Serialized files (Serialized files now loaded: 0)
Unloading 6772 unused Assets / (4.9 MB). Loaded Objects now: 7701.
Memory consumption went from 166.5 MB to 161.6 MB.
Total: 26.924400 ms (FindLiveObjects: 1.634300 ms CreateObjectMapping: 1.760600 ms MarkObjects: 13.989300 ms  DeleteObjects: 9.533100 ms)

Prepare: number of updated asset objects reloaded= 0
========================================================================
Received Import Request.
  Time since last request: 241.554399 seconds.
  path: Assets/Scenes/UDON_SCENE/RiceHarvestScene.unity
  artifactKey: Guid(343e48182fc5703459564fbd1edd7e24) Importer(815301076,1909f56bfc062723c751e8b465ee728b)
Start importing Assets/Scenes/UDON_SCENE/RiceHarvestScene.unity using Guid(343e48182fc5703459564fbd1edd7e24) Importer(815301076,1909f56bfc062723c751e8b465ee728b) (PreviewImporter) -> (artifact id: 'cd6d4b6424ff00bca01c6be9b6dfe22a') in 0.0139198 seconds
Number of updated asset objects reloaded before import = 0Number of asset objects unloaded after import = 0

========================================================================
Received Prepare
Begin MonoManager ReloadAssembly
- Loaded All Assemblies, in  5.308 seconds
Refreshing native plugins compatible for Editor in 1.56 ms, found 4 plugins.
Native extension for WindowsStandalone target not found
Mono: successfully reloaded assembly
- Finished resetting the current domain, in  1.256 seconds
Domain Reload Profiling: 6580ms
	BeginReloadAssembly (2727ms)
		ExecutionOrderSort (4ms)
		DisableScriptedObjects (577ms)
		BackupInstance (0ms)
		ReleaseScriptingObjects (5ms)
		CreateAndSetChildDomain (571ms)
	RebuildCommonClasses (129ms)
	RebuildNativeTypeToScriptingClass (21ms)
	initialDomainReloadingComplete (83ms)
	LoadAllAssembliesAndSetupDomain (2365ms)
		LoadAssemblies (2322ms)
		RebuildTransferFunctionScriptingTraits (0ms)
		AnalyzeDomain (807ms)
			TypeCache.Refresh (106ms)
				TypeCache.ScanAssembly (7ms)
			BuildScriptInfoCaches (636ms)
			ResolveRequiredComponents (24ms)
	FinalizeReload (1257ms)
		ReleaseScriptCaches (0ms)
		RebuildScriptCaches (0ms)
		SetupLoadedEditorAssemblies (1026ms)
			LogAssemblyErrors (0ms)
			InitializePlatformSupportModulesInManaged (2ms)
			SetLoadedEditorAssemblies (9ms)
			BeforeProcessingInitializeOnLoad (199ms)
			ProcessInitializeOnLoadAttributes (729ms)
			ProcessInitializeOnLoadMethodAttributes (85ms)
			AfterProcessingInitializeOnLoad (2ms)
			EditorAssembliesLoaded (1ms)
		ExecutionOrderSort2 (0ms)
		AwakeInstancesAfterBackupRestoration (17ms)
Refreshing native plugins compatible for Editor in 1.35 ms, found 4 plugins.
Preloading 0 native plugins for Editor in 0.00 ms.
Unloading 12 Unused Serialized files (Serialized files now loaded: 0)
Unloading 6772 unused Assets / (6.6 MB). Loaded Objects now: 7704.
Memory consumption went from 157.7 MB to 151.1 MB.
Total: 16.832800 ms (FindLiveObjects: 1.516000 ms CreateObjectMapping: 1.040000 ms MarkObjects: 7.993100 ms  DeleteObjects: 6.279200 ms)

Prepare: number of updated asset objects reloaded= 0
========================================================================
Received Import Request.
  Time since last request: 852.298547 seconds.
  path: Assets/Sounds/อุดร
  artifactKey: Guid(405fc332e3c65944babdf1ca90d8dc67) Importer(815301076,1909f56bfc062723c751e8b465ee728b)
Start importing Assets/Sounds/อุดร using Guid(405fc332e3c65944babdf1ca90d8dc67) Importer(815301076,1909f56bfc062723c751e8b465ee728b) (PreviewImporter) -> (artifact id: 'ef02849130c85af59ad8adfadc0980ee') in 0.475182 seconds
Number of updated asset objects reloaded before import = 0Number of asset objects unloaded after import = 0

========================================================================
Received Import Request.
  Time since last request: 4.647204 seconds.
  path: Assets/Sounds/อุดร/เสียงประกอบอุดร.mp3
  artifactKey: Guid(d0c50723a5bfebd49ab5669f410c13da) Importer(815301076,1909f56bfc062723c751e8b465ee728b)
Start importing Assets/Sounds/อุดร/เสียงประกอบอุดร.mp3 using Guid(d0c50723a5bfebd49ab5669f410c13da) Importer(815301076,1909f56bfc062723c751e8b465ee728b) (PreviewImporter) -> (artifact id: 'd4e97568ce51349b97296c15ae65c8fa') in 2.0738202 seconds
Number of updated asset objects reloaded before import = 0Number of asset objects unloaded after import = 2

========================================================================
Received Import Request.
  Time since last request: 267.946572 seconds.
  path: Assets/Sounds/อุดร/เกี่ยวข้าว.mp3
  artifactKey: Guid(70f7e1c4e115183479e78d966064b69c) Importer(815301076,1909f56bfc062723c751e8b465ee728b)
Start importing Assets/Sounds/อุดร/เกี่ยวข้าว.mp3 using Guid(70f7e1c4e115183479e78d966064b69c) Importer(815301076,1909f56bfc062723c751e8b465ee728b) (PreviewImporter) -> (artifact id: 'daa9a68800d1fcdd04fdb8090bbe0eb7') in 0.5252946 seconds
Number of updated asset objects reloaded before import = 0Number of asset objects unloaded after import = 2

========================================================================
Received Import Request.
  Time since last request: 38.334088 seconds.
  path: Assets/Sounds/อุดร/อินโทรเกี่ยวข้าว.mp3
  artifactKey: Guid(c8a95aa641dd97d4c8d5824e1600b0d5) Importer(815301076,1909f56bfc062723c751e8b465ee728b)
Start importing Assets/Sounds/อุดร/อินโทรเกี่ยวข้าว.mp3 using Guid(c8a95aa641dd97d4c8d5824e1600b0d5) Importer(815301076,1909f56bfc062723c751e8b465ee728b) (PreviewImporter) -> (artifact id: 'd4e41bc2e23bc847021f9572ff1ac71e') in 0.0658755 seconds
Number of updated asset objects reloaded before import = 0Number of asset objects unloaded after import = 2

========================================================================
Received Prepare
Begin MonoManager ReloadAssembly
- Loaded All Assemblies, in  6.030 seconds
Refreshing native plugins compatible for Editor in 7.91 ms, found 4 plugins.
Native extension for WindowsStandalone target not found
Mono: successfully reloaded assembly
- Finished resetting the current domain, in  1.912 seconds
Domain Reload Profiling: 7959ms
	BeginReloadAssembly (2827ms)
		ExecutionOrderSort (1ms)
		DisableScriptedObjects (480ms)
		BackupInstance (0ms)
		ReleaseScriptingObjects (6ms)
		CreateAndSetChildDomain (1180ms)
	RebuildCommonClasses (85ms)
	RebuildNativeTypeToScriptingClass (16ms)
	initialDomainReloadingComplete (63ms)
	LoadAllAssembliesAndSetupDomain (3056ms)
		LoadAssemblies (2182ms)
		RebuildTransferFunctionScriptingTraits (0ms)
		AnalyzeDomain (1372ms)
			TypeCache.Refresh (53ms)
				TypeCache.ScanAssembly (0ms)
			BuildScriptInfoCaches (1248ms)
			ResolveRequiredComponents (22ms)
	FinalizeReload (1913ms)
		ReleaseScriptCaches (0ms)
		RebuildScriptCaches (0ms)
		SetupLoadedEditorAssemblies (1224ms)
			LogAssemblyErrors (0ms)
			InitializePlatformSupportModulesInManaged (4ms)
			SetLoadedEditorAssemblies (6ms)
			BeforeProcessingInitializeOnLoad (238ms)
			ProcessInitializeOnLoadAttributes (885ms)
			ProcessInitializeOnLoadMethodAttributes (87ms)
			AfterProcessingInitializeOnLoad (3ms)
			EditorAssembliesLoaded (1ms)
		ExecutionOrderSort2 (0ms)
		AwakeInstancesAfterBackupRestoration (17ms)
Refreshing native plugins compatible for Editor in 1.96 ms, found 4 plugins.
Preloading 0 native plugins for Editor in 0.00 ms.
Unloading 12 Unused Serialized files (Serialized files now loaded: 0)
Unloading 6772 unused Assets / (3.1 MB). Loaded Objects now: 7709.
Memory consumption went from 157.8 MB to 154.7 MB.
Total: 20.711600 ms (FindLiveObjects: 1.789400 ms CreateObjectMapping: 2.751500 ms MarkObjects: 9.761200 ms  DeleteObjects: 6.404800 ms)

Prepare: number of updated asset objects reloaded= 0
========================================================================
Received Prepare
Begin MonoManager ReloadAssembly
- Loaded All Assemblies, in  2.468 seconds
Refreshing native plugins compatible for Editor in 1.55 ms, found 4 plugins.
Native extension for WindowsStandalone target not found
Mono: successfully reloaded assembly
- Finished resetting the current domain, in  1.347 seconds
Domain Reload Profiling: 3827ms
	BeginReloadAssembly (473ms)
		ExecutionOrderSort (0ms)
		DisableScriptedObjects (20ms)
		BackupInstance (0ms)
		ReleaseScriptingObjects (2ms)
		CreateAndSetChildDomain (148ms)
	RebuildCommonClasses (47ms)
	RebuildNativeTypeToScriptingClass (16ms)
	initialDomainReloadingComplete (36ms)
	LoadAllAssembliesAndSetupDomain (1907ms)
		LoadAssemblies (1535ms)
		RebuildTransferFunctionScriptingTraits (0ms)
		AnalyzeDomain (582ms)
			TypeCache.Refresh (67ms)
				TypeCache.ScanAssembly (0ms)
			BuildScriptInfoCaches (463ms)
			ResolveRequiredComponents (19ms)
	FinalizeReload (1348ms)
		ReleaseScriptCaches (0ms)
		RebuildScriptCaches (0ms)
		SetupLoadedEditorAssemblies (1091ms)
			LogAssemblyErrors (0ms)
			InitializePlatformSupportModulesInManaged (2ms)
			SetLoadedEditorAssemblies (10ms)
			BeforeProcessingInitializeOnLoad (192ms)
			ProcessInitializeOnLoadAttributes (771ms)
			ProcessInitializeOnLoadMethodAttributes (112ms)
			AfterProcessingInitializeOnLoad (3ms)
			EditorAssembliesLoaded (1ms)
		ExecutionOrderSort2 (0ms)
		AwakeInstancesAfterBackupRestoration (27ms)
Refreshing native plugins compatible for Editor in 3.91 ms, found 4 plugins.
Preloading 0 native plugins for Editor in 0.00 ms.
Unloading 12 Unused Serialized files (Serialized files now loaded: 0)
Unloading 6772 unused Assets / (7.6 MB). Loaded Objects now: 7712.
Memory consumption went from 160.1 MB to 152.4 MB.
Total: 24.927200 ms (FindLiveObjects: 1.511900 ms CreateObjectMapping: 1.242400 ms MarkObjects: 10.811500 ms  DeleteObjects: 11.358000 ms)

Prepare: number of updated asset objects reloaded= 0
========================================================================
Received Import Request.
  Time since last request: 160.114892 seconds.
  path: Assets/Scenes/UDON_SCENE/ThreshingScene.unity
  artifactKey: Guid(d8a813938fddc7949903af9da6af4ac4) Importer(815301076,1909f56bfc062723c751e8b465ee728b)
Start importing Assets/Scenes/UDON_SCENE/ThreshingScene.unity using Guid(d8a813938fddc7949903af9da6af4ac4) Importer(815301076,1909f56bfc062723c751e8b465ee728b) (PreviewImporter) -> (artifact id: '2087d51648bd9fcc9e7417e7acc0a34e') in 0.0186025 seconds
Number of updated asset objects reloaded before import = 0Number of asset objects unloaded after import = 0

========================================================================
Received Import Request.
  Time since last request: 4.379975 seconds.
  path: Assets/Scenes/UDON_SCENE/RiceHarvestScene.unity
  artifactKey: Guid(343e48182fc5703459564fbd1edd7e24) Importer(815301076,1909f56bfc062723c751e8b465ee728b)
Start importing Assets/Scenes/UDON_SCENE/RiceHarvestScene.unity using Guid(343e48182fc5703459564fbd1edd7e24) Importer(815301076,1909f56bfc062723c751e8b465ee728b) (PreviewImporter) -> (artifact id: '0049734286cca9744a3fc834406d836b') in 0.006682 seconds
Number of updated asset objects reloaded before import = 0Number of asset objects unloaded after import = 0

========================================================================
Received Prepare
Begin MonoManager ReloadAssembly
- Loaded All Assemblies, in  2.862 seconds
Refreshing native plugins compatible for Editor in 4.29 ms, found 4 plugins.
Native extension for WindowsStandalone target not found
Mono: successfully reloaded assembly
- Finished resetting the current domain, in  1.512 seconds
Domain Reload Profiling: 4393ms
	BeginReloadAssembly (988ms)
		ExecutionOrderSort (0ms)
		DisableScriptedObjects (62ms)
		BackupInstance (0ms)
		ReleaseScriptingObjects (2ms)
		CreateAndSetChildDomain (211ms)
	RebuildCommonClasses (72ms)
	RebuildNativeTypeToScriptingClass (18ms)
	initialDomainReloadingComplete (56ms)
	LoadAllAssembliesAndSetupDomain (1746ms)
		LoadAssemblies (1794ms)
		RebuildTransferFunctionScriptingTraits (0ms)
		AnalyzeDomain (511ms)
			TypeCache.Refresh (40ms)
				TypeCache.ScanAssembly (0ms)
			BuildScriptInfoCaches (417ms)
			ResolveRequiredComponents (20ms)
	FinalizeReload (1513ms)
		ReleaseScriptCaches (0ms)
		RebuildScriptCaches (0ms)
		SetupLoadedEditorAssemblies (1235ms)
			LogAssemblyErrors (0ms)
			InitializePlatformSupportModulesInManaged (2ms)
			SetLoadedEditorAssemblies (10ms)
			BeforeProcessingInitializeOnLoad (207ms)
			ProcessInitializeOnLoadAttributes (902ms)
			ProcessInitializeOnLoadMethodAttributes (111ms)
			AfterProcessingInitializeOnLoad (3ms)
			EditorAssembliesLoaded (1ms)
		ExecutionOrderSort2 (0ms)
		AwakeInstancesAfterBackupRestoration (24ms)
Refreshing native plugins compatible for Editor in 1.64 ms, found 4 plugins.
Preloading 0 native plugins for Editor in 0.00 ms.
Unloading 12 Unused Serialized files (Serialized files now loaded: 0)
Unloading 6772 unused Assets / (6.8 MB). Loaded Objects now: 7715.
Memory consumption went from 157.9 MB to 151.1 MB.
Total: 23.140400 ms (FindLiveObjects: 2.043500 ms CreateObjectMapping: 1.315400 ms MarkObjects: 10.408800 ms  DeleteObjects: 9.368100 ms)

Prepare: number of updated asset objects reloaded= 0
========================================================================
Received Prepare
Begin MonoManager ReloadAssembly
- Loaded All Assemblies, in  5.250 seconds
Refreshing native plugins compatible for Editor in 2.44 ms, found 4 plugins.
Native extension for WindowsStandalone target not found
Mono: successfully reloaded assembly
- Finished resetting the current domain, in  1.599 seconds
Domain Reload Profiling: 6873ms
	BeginReloadAssembly (2561ms)
		ExecutionOrderSort (0ms)
		DisableScriptedObjects (444ms)
		BackupInstance (0ms)
		ReleaseScriptingObjects (5ms)
		CreateAndSetChildDomain (1173ms)
	RebuildCommonClasses (118ms)
	RebuildNativeTypeToScriptingClass (24ms)
	initialDomainReloadingComplete (141ms)
	LoadAllAssembliesAndSetupDomain (2429ms)
		LoadAssemblies (2169ms)
		RebuildTransferFunctionScriptingTraits (0ms)
		AnalyzeDomain (663ms)
			TypeCache.Refresh (53ms)
				TypeCache.ScanAssembly (0ms)
			BuildScriptInfoCaches (555ms)
			ResolveRequiredComponents (22ms)
	FinalizeReload (1600ms)
		ReleaseScriptCaches (0ms)
		RebuildScriptCaches (0ms)
		SetupLoadedEditorAssemblies (1298ms)
			LogAssemblyErrors (0ms)
			InitializePlatformSupportModulesInManaged (6ms)
			SetLoadedEditorAssemblies (12ms)
			BeforeProcessingInitializeOnLoad (223ms)
			ProcessInitializeOnLoadAttributes (960ms)
			ProcessInitializeOnLoadMethodAttributes (93ms)
			AfterProcessingInitializeOnLoad (2ms)
			EditorAssembliesLoaded (1ms)
		ExecutionOrderSort2 (0ms)
		AwakeInstancesAfterBackupRestoration (21ms)
Refreshing native plugins compatible for Editor in 1.97 ms, found 4 plugins.
Preloading 0 native plugins for Editor in 0.00 ms.
Unloading 12 Unused Serialized files (Serialized files now loaded: 0)
Unloading 6772 unused Assets / (7.5 MB). Loaded Objects now: 7718.
Memory consumption went from 160.1 MB to 152.6 MB.
Total: 20.221200 ms (FindLiveObjects: 1.493800 ms CreateObjectMapping: 1.020100 ms MarkObjects: 9.255700 ms  DeleteObjects: 8.447500 ms)

Prepare: number of updated asset objects reloaded= 0
========================================================================
Received Prepare
Begin MonoManager ReloadAssembly
- Loaded All Assemblies, in  1.479 seconds
Refreshing native plugins compatible for Editor in 2.34 ms, found 4 plugins.
Native extension for WindowsStandalone target not found
Mono: successfully reloaded assembly
- Finished resetting the current domain, in  1.437 seconds
Domain Reload Profiling: 2921ms
	BeginReloadAssembly (339ms)
		ExecutionOrderSort (0ms)
		DisableScriptedObjects (21ms)
		BackupInstance (0ms)
		ReleaseScriptingObjects (1ms)
		CreateAndSetChildDomain (90ms)
	RebuildCommonClasses (48ms)
	RebuildNativeTypeToScriptingClass (18ms)
	initialDomainReloadingComplete (40ms)
	LoadAllAssembliesAndSetupDomain (1038ms)
		LoadAssemblies (810ms)
		RebuildTransferFunctionScriptingTraits (0ms)
		AnalyzeDomain (372ms)
			TypeCache.Refresh (38ms)
				TypeCache.ScanAssembly (0ms)
			BuildScriptInfoCaches (290ms)
			ResolveRequiredComponents (15ms)
	FinalizeReload (1438ms)
		ReleaseScriptCaches (0ms)
		RebuildScriptCaches (0ms)
		SetupLoadedEditorAssemblies (1094ms)
			LogAssemblyErrors (0ms)
			InitializePlatformSupportModulesInManaged (4ms)
			SetLoadedEditorAssemblies (13ms)
			BeforeProcessingInitializeOnLoad (186ms)
			ProcessInitializeOnLoadAttributes (805ms)
			ProcessInitializeOnLoadMethodAttributes (84ms)
			AfterProcessingInitializeOnLoad (2ms)
			EditorAssembliesLoaded (1ms)
		ExecutionOrderSort2 (0ms)
		AwakeInstancesAfterBackupRestoration (18ms)
Refreshing native plugins compatible for Editor in 1.34 ms, found 4 plugins.
Preloading 0 native plugins for Editor in 0.00 ms.
Unloading 12 Unused Serialized files (Serialized files now loaded: 0)
Unloading 6772 unused Assets / (7.8 MB). Loaded Objects now: 7721.
Memory consumption went from 162.4 MB to 154.6 MB.
Total: 22.582500 ms (FindLiveObjects: 1.885300 ms CreateObjectMapping: 1.327600 ms MarkObjects: 9.124200 ms  DeleteObjects: 10.239900 ms)

Prepare: number of updated asset objects reloaded= 0
========================================================================
Received Import Request.
  Time since last request: 718.527789 seconds.
  path: Assets/UDON/Assets/HIT.mp4
  artifactKey: Guid(97f50d58ef239934191591023d0beb1e) Importer(815301076,1909f56bfc062723c751e8b465ee728b)
Start importing Assets/UDON/Assets/HIT.mp4 using Guid(97f50d58ef239934191591023d0beb1e) Importer(815301076,1909f56bfc062723c751e8b465ee728b) (PreviewImporter) -> (artifact id: 'dd37d5070210636134a7c51674d0d8cc') in 0.0374375 seconds
Number of updated asset objects reloaded before import = 0Number of asset objects unloaded after import = 1

========================================================================
Received Prepare
Begin MonoManager ReloadAssembly
- Loaded All Assemblies, in  1.762 seconds
Refreshing native plugins compatible for Editor in 2.40 ms, found 4 plugins.
Native extension for WindowsStandalone target not found
Mono: successfully reloaded assembly
- Finished resetting the current domain, in  1.341 seconds
Domain Reload Profiling: 3111ms
	BeginReloadAssembly (600ms)
		ExecutionOrderSort (0ms)
		DisableScriptedObjects (21ms)
		BackupInstance (0ms)
		ReleaseScriptingObjects (1ms)
		CreateAndSetChildDomain (83ms)
	RebuildCommonClasses (63ms)
	RebuildNativeTypeToScriptingClass (20ms)
	initialDomainReloadingComplete (92ms)
	LoadAllAssembliesAndSetupDomain (993ms)
		LoadAssemblies (935ms)
		RebuildTransferFunctionScriptingTraits (0ms)
		AnalyzeDomain (479ms)
			TypeCache.Refresh (40ms)
				TypeCache.ScanAssembly (0ms)
			BuildScriptInfoCaches (373ms)
			ResolveRequiredComponents (22ms)
	FinalizeReload (1343ms)
		ReleaseScriptCaches (0ms)
		RebuildScriptCaches (0ms)
		SetupLoadedEditorAssemblies (1078ms)
			LogAssemblyErrors (0ms)
			InitializePlatformSupportModulesInManaged (3ms)
			SetLoadedEditorAssemblies (6ms)
			BeforeProcessingInitializeOnLoad (191ms)
			ProcessInitializeOnLoadAttributes (786ms)
			ProcessInitializeOnLoadMethodAttributes (90ms)
			AfterProcessingInitializeOnLoad (2ms)
			EditorAssembliesLoaded (1ms)
		ExecutionOrderSort2 (0ms)
		AwakeInstancesAfterBackupRestoration (21ms)
Refreshing native plugins compatible for Editor in 1.43 ms, found 4 plugins.
Preloading 0 native plugins for Editor in 0.00 ms.
Unloading 12 Unused Serialized files (Serialized files now loaded: 0)
Unloading 6772 unused Assets / (6.4 MB). Loaded Objects now: 7724.
Memory consumption went from 164.6 MB to 158.2 MB.
Total: 19.810600 ms (FindLiveObjects: 1.668100 ms CreateObjectMapping: 1.298400 ms MarkObjects: 8.112800 ms  DeleteObjects: 8.727300 ms)

Prepare: number of updated asset objects reloaded= 0
========================================================================
Received Import Request.
  Time since last request: 419.787459 seconds.
  path: Assets/UDON/Assets/ตีข้าว.mp4
  artifactKey: Guid(b2150a7c889fa654d852bc808162aa9e) Importer(815301076,1909f56bfc062723c751e8b465ee728b)
Start importing Assets/UDON/Assets/ตีข้าว.mp4 using Guid(b2150a7c889fa654d852bc808162aa9e) Importer(815301076,1909f56bfc062723c751e8b465ee728b) (PreviewImporter) -> (artifact id: '0d915385cdb943803769997656c4b7e2') in 1.3393338 seconds
Number of updated asset objects reloaded before import = 0Number of asset objects unloaded after import = 1

========================================================================
Received Import Request.
  Time since last request: 15.438145 seconds.
  path: Assets/UDON/Assets/ตีข้าว.mp4
  artifactKey: Guid(b2150a7c889fa654d852bc808162aa9e) Importer(815301076,1909f56bfc062723c751e8b465ee728b)
Start importing Assets/UDON/Assets/ตีข้าว.mp4 using Guid(b2150a7c889fa654d852bc808162aa9e) Importer(815301076,1909f56bfc062723c751e8b465ee728b) (PreviewImporter) -> (artifact id: '19612ef6d18b5835ec11d831eeb8785e') in 0.0044282 seconds
Number of updated asset objects reloaded before import = 0Number of asset objects unloaded after import = 1

========================================================================
Received Prepare
Begin MonoManager ReloadAssembly
- Loaded All Assemblies, in  5.769 seconds
Refreshing native plugins compatible for Editor in 1.91 ms, found 4 plugins.
Native extension for WindowsStandalone target not found
Mono: successfully reloaded assembly
- Finished resetting the current domain, in  1.500 seconds
Domain Reload Profiling: 7307ms
	BeginReloadAssembly (2274ms)
		ExecutionOrderSort (1ms)
		DisableScriptedObjects (253ms)
		BackupInstance (0ms)
		ReleaseScriptingObjects (5ms)
		CreateAndSetChildDomain (1010ms)
	RebuildCommonClasses (60ms)
	RebuildNativeTypeToScriptingClass (15ms)
	initialDomainReloadingComplete (70ms)
	LoadAllAssembliesAndSetupDomain (3387ms)
		LoadAssemblies (1749ms)
		RebuildTransferFunctionScriptingTraits (0ms)
		AnalyzeDomain (2054ms)
			TypeCache.Refresh (69ms)
				TypeCache.ScanAssembly (0ms)
			BuildScriptInfoCaches (1909ms)
			ResolveRequiredComponents (24ms)
	FinalizeReload (1501ms)
		ReleaseScriptCaches (0ms)
		RebuildScriptCaches (0ms)
		SetupLoadedEditorAssemblies (1223ms)
			LogAssemblyErrors (0ms)
			InitializePlatformSupportModulesInManaged (4ms)
			SetLoadedEditorAssemblies (12ms)
			BeforeProcessingInitializeOnLoad (209ms)
			ProcessInitializeOnLoadAttributes (860ms)
			ProcessInitializeOnLoadMethodAttributes (134ms)
			AfterProcessingInitializeOnLoad (2ms)
			EditorAssembliesLoaded (1ms)
		ExecutionOrderSort2 (0ms)
		AwakeInstancesAfterBackupRestoration (19ms)
Refreshing native plugins compatible for Editor in 1.82 ms, found 4 plugins.
Preloading 0 native plugins for Editor in 0.00 ms.
Unloading 12 Unused Serialized files (Serialized files now loaded: 0)
Unloading 6772 unused Assets / (5.6 MB). Loaded Objects now: 7727.
Memory consumption went from 158.0 MB to 152.4 MB.
Total: 20.023200 ms (FindLiveObjects: 1.322400 ms CreateObjectMapping: 1.068900 ms MarkObjects: 10.852600 ms  DeleteObjects: 6.774700 ms)

Prepare: number of updated asset objects reloaded= 0
========================================================================
Received Prepare
Begin MonoManager ReloadAssembly
- Loaded All Assemblies, in  2.368 seconds
Refreshing native plugins compatible for Editor in 2.91 ms, found 4 plugins.
Native extension for WindowsStandalone target not found
Mono: successfully reloaded assembly
- Finished resetting the current domain, in  1.591 seconds
Domain Reload Profiling: 3971ms
	BeginReloadAssembly (505ms)
		ExecutionOrderSort (0ms)
		DisableScriptedObjects (21ms)
		BackupInstance (0ms)
		ReleaseScriptingObjects (1ms)
		CreateAndSetChildDomain (102ms)
	RebuildCommonClasses (53ms)
	RebuildNativeTypeToScriptingClass (16ms)
	initialDomainReloadingComplete (41ms)
	LoadAllAssembliesAndSetupDomain (1765ms)
		LoadAssemblies (1485ms)
		RebuildTransferFunctionScriptingTraits (0ms)
		AnalyzeDomain (567ms)
			TypeCache.Refresh (73ms)
				TypeCache.ScanAssembly (0ms)
			BuildScriptInfoCaches (417ms)
			ResolveRequiredComponents (22ms)
	FinalizeReload (1592ms)
		ReleaseScriptCaches (0ms)
		RebuildScriptCaches (0ms)
		SetupLoadedEditorAssemblies (1271ms)
			LogAssemblyErrors (0ms)
			InitializePlatformSupportModulesInManaged (3ms)
			SetLoadedEditorAssemblies (11ms)
			BeforeProcessingInitializeOnLoad (241ms)
			ProcessInitializeOnLoadAttributes (894ms)
			ProcessInitializeOnLoadMethodAttributes (117ms)
			AfterProcessingInitializeOnLoad (2ms)
			EditorAssembliesLoaded (2ms)
		ExecutionOrderSort2 (0ms)
		AwakeInstancesAfterBackupRestoration (22ms)
Refreshing native plugins compatible for Editor in 1.40 ms, found 4 plugins.
Preloading 0 native plugins for Editor in 0.00 ms.
Unloading 12 Unused Serialized files (Serialized files now loaded: 0)
Unloading 6772 unused Assets / (8.7 MB). Loaded Objects now: 7730.
Memory consumption went from 160.3 MB to 151.6 MB.
Total: 19.567700 ms (FindLiveObjects: 1.486000 ms CreateObjectMapping: 1.078500 ms MarkObjects: 8.072300 ms  DeleteObjects: 8.926500 ms)

Prepare: number of updated asset objects reloaded= 0
========================================================================
Received Prepare
Begin MonoManager ReloadAssembly
- Loaded All Assemblies, in  1.707 seconds
Refreshing native plugins compatible for Editor in 1.62 ms, found 4 plugins.
Native extension for WindowsStandalone target not found
Mono: successfully reloaded assembly
- Finished resetting the current domain, in  1.370 seconds
Domain Reload Profiling: 3083ms
	BeginReloadAssembly (387ms)
		ExecutionOrderSort (0ms)
		DisableScriptedObjects (23ms)
		BackupInstance (0ms)
		ReleaseScriptingObjects (1ms)
		CreateAndSetChildDomain (106ms)
	RebuildCommonClasses (57ms)
	RebuildNativeTypeToScriptingClass (15ms)
	initialDomainReloadingComplete (40ms)
	LoadAllAssembliesAndSetupDomain (1213ms)
		LoadAssemblies (946ms)
		RebuildTransferFunctionScriptingTraits (0ms)
		AnalyzeDomain (448ms)
			TypeCache.Refresh (35ms)
				TypeCache.ScanAssembly (0ms)
			BuildScriptInfoCaches (354ms)
			ResolveRequiredComponents (25ms)
	FinalizeReload (1371ms)
		ReleaseScriptCaches (0ms)
		RebuildScriptCaches (0ms)
		SetupLoadedEditorAssemblies (1084ms)
			LogAssemblyErrors (0ms)
			InitializePlatformSupportModulesInManaged (3ms)
			SetLoadedEditorAssemblies (12ms)
			BeforeProcessingInitializeOnLoad (226ms)
			ProcessInitializeOnLoadAttributes (751ms)
			ProcessInitializeOnLoadMethodAttributes (90ms)
			AfterProcessingInitializeOnLoad (2ms)
			EditorAssembliesLoaded (1ms)
		ExecutionOrderSort2 (0ms)
		AwakeInstancesAfterBackupRestoration (17ms)
Refreshing native plugins compatible for Editor in 2.61 ms, found 4 plugins.
Preloading 0 native plugins for Editor in 0.00 ms.
Unloading 12 Unused Serialized files (Serialized files now loaded: 0)
Unloading 6772 unused Assets / (6.0 MB). Loaded Objects now: 7733.
Memory consumption went from 162.5 MB to 156.5 MB.
Total: 18.765800 ms (FindLiveObjects: 1.823800 ms CreateObjectMapping: 1.158300 ms MarkObjects: 8.760200 ms  DeleteObjects: 7.019600 ms)

Prepare: number of updated asset objects reloaded= 0
========================================================================
Received Prepare
Begin MonoManager ReloadAssembly
- Loaded All Assemblies, in  3.338 seconds
Refreshing native plugins compatible for Editor in 1.56 ms, found 4 plugins.
Native extension for WindowsStandalone target not found
Mono: successfully reloaded assembly
- Finished resetting the current domain, in  1.868 seconds
Domain Reload Profiling: 5223ms
	BeginReloadAssembly (1143ms)
		ExecutionOrderSort (1ms)
		DisableScriptedObjects (107ms)
		BackupInstance (0ms)
		ReleaseScriptingObjects (6ms)
		CreateAndSetChildDomain (437ms)
	RebuildCommonClasses (58ms)
	RebuildNativeTypeToScriptingClass (16ms)
	initialDomainReloadingComplete (66ms)
	LoadAllAssembliesAndSetupDomain (2070ms)
		LoadAssemblies (1770ms)
		RebuildTransferFunctionScriptingTraits (0ms)
		AnalyzeDomain (603ms)
			TypeCache.Refresh (39ms)
				TypeCache.ScanAssembly (0ms)
			BuildScriptInfoCaches (503ms)
			ResolveRequiredComponents (24ms)
	FinalizeReload (1871ms)
		ReleaseScriptCaches (0ms)
		RebuildScriptCaches (0ms)
		SetupLoadedEditorAssemblies (1511ms)
			LogAssemblyErrors (0ms)
			InitializePlatformSupportModulesInManaged (7ms)
			SetLoadedEditorAssemblies (7ms)
			BeforeProcessingInitializeOnLoad (260ms)
			ProcessInitializeOnLoadAttributes (1023ms)
			ProcessInitializeOnLoadMethodAttributes (183ms)
			AfterProcessingInitializeOnLoad (23ms)
			EditorAssembliesLoaded (6ms)
		ExecutionOrderSort2 (5ms)
		AwakeInstancesAfterBackupRestoration (24ms)
Refreshing native plugins compatible for Editor in 3.96 ms, found 4 plugins.
Preloading 0 native plugins for Editor in 0.00 ms.
Unloading 12 Unused Serialized files (Serialized files now loaded: 0)
Unloading 6772 unused Assets / (3.8 MB). Loaded Objects now: 7736.
Memory consumption went from 164.8 MB to 161.0 MB.
Total: 470.015700 ms (FindLiveObjects: 172.317500 ms CreateObjectMapping: 126.973400 ms MarkObjects: 14.567100 ms  DeleteObjects: 156.147400 ms)

Prepare: number of updated asset objects reloaded= 0
========================================================================
Received Import Request.
  Time since last request: 248.100211 seconds.
  path: Assets/Scenes/UDON_SCENE/DryingRiceScene.unity
  artifactKey: Guid(a716fd40121a8de4e886f22f2b6da02d) Importer(815301076,1909f56bfc062723c751e8b465ee728b)
Start importing Assets/Scenes/UDON_SCENE/DryingRiceScene.unity using Guid(a716fd40121a8de4e886f22f2b6da02d) Importer(815301076,1909f56bfc062723c751e8b465ee728b) (PreviewImporter) -> (artifact id: '45a38520ef6d88c8b12189e42e0ceaf1') in 0.2111097 seconds
Number of updated asset objects reloaded before import = 0Number of asset objects unloaded after import = 0

========================================================================
Received Prepare
Begin MonoManager ReloadAssembly
- Loaded All Assemblies, in  2.598 seconds
Refreshing native plugins compatible for Editor in 3.36 ms, found 4 plugins.
Native extension for WindowsStandalone target not found
Mono: successfully reloaded assembly
- Finished resetting the current domain, in  1.335 seconds
Domain Reload Profiling: 3949ms
	BeginReloadAssembly (406ms)
		ExecutionOrderSort (1ms)
		DisableScriptedObjects (25ms)
		BackupInstance (0ms)
		ReleaseScriptingObjects (2ms)
		CreateAndSetChildDomain (77ms)
	RebuildCommonClasses (50ms)
	RebuildNativeTypeToScriptingClass (16ms)
	initialDomainReloadingComplete (58ms)
	LoadAllAssembliesAndSetupDomain (2082ms)
		LoadAssemblies (1595ms)
		RebuildTransferFunctionScriptingTraits (0ms)
		AnalyzeDomain (679ms)
			TypeCache.Refresh (42ms)
				TypeCache.ScanAssembly (0ms)
			BuildScriptInfoCaches (575ms)
			ResolveRequiredComponents (25ms)
	FinalizeReload (1337ms)
		ReleaseScriptCaches (0ms)
		RebuildScriptCaches (0ms)
		SetupLoadedEditorAssemblies (1105ms)
			LogAssemblyErrors (0ms)
			InitializePlatformSupportModulesInManaged (2ms)
			SetLoadedEditorAssemblies (9ms)
			BeforeProcessingInitializeOnLoad (194ms)
			ProcessInitializeOnLoadAttributes (806ms)
			ProcessInitializeOnLoadMethodAttributes (90ms)
			AfterProcessingInitializeOnLoad (3ms)
			EditorAssembliesLoaded (1ms)
		ExecutionOrderSort2 (0ms)
		AwakeInstancesAfterBackupRestoration (20ms)
Refreshing native plugins compatible for Editor in 2.12 ms, found 4 plugins.
Preloading 0 native plugins for Editor in 0.00 ms.
Unloading 12 Unused Serialized files (Serialized files now loaded: 0)
Unloading 6772 unused Assets / (5.9 MB). Loaded Objects now: 7739.
Memory consumption went from 158.2 MB to 152.3 MB.
Total: 17.848900 ms (FindLiveObjects: 1.317400 ms CreateObjectMapping: 1.459400 ms MarkObjects: 9.174300 ms  DeleteObjects: 5.894000 ms)

Prepare: number of updated asset objects reloaded= 0
========================================================================
Received Import Request.
  Time since last request: 342.169647 seconds.
  path: Assets/UDON/Assets/ล้างข้าวใหม่.mp4
  artifactKey: Guid(4efde07180da37841aec850d672f911e) Importer(815301076,1909f56bfc062723c751e8b465ee728b)
Start importing Assets/UDON/Assets/ล้างข้าวใหม่.mp4 using Guid(4efde07180da37841aec850d672f911e) Importer(815301076,1909f56bfc062723c751e8b465ee728b) (PreviewImporter) -> (artifact id: 'acb2a87e7f6a92bcf29451133c22543a') in 0.3424525 seconds
Number of updated asset objects reloaded before import = 0Number of asset objects unloaded after import = 1

========================================================================
Received Import Request.
  Time since last request: 13.243295 seconds.
  path: Assets/UDON/Assets/ล้างข้าวใหม่.mp4
  artifactKey: Guid(4efde07180da37841aec850d672f911e) Importer(815301076,1909f56bfc062723c751e8b465ee728b)
Start importing Assets/UDON/Assets/ล้างข้าวใหม่.mp4 using Guid(4efde07180da37841aec850d672f911e) Importer(815301076,1909f56bfc062723c751e8b465ee728b) (PreviewImporter) -> (artifact id: '959d7f1f581c414eb81b36d1d79b0d9b') in 0.0041086 seconds
Number of updated asset objects reloaded before import = 0Number of asset objects unloaded after import = 1

========================================================================
Received Prepare
Begin MonoManager ReloadAssembly
- Loaded All Assemblies, in  4.487 seconds
Refreshing native plugins compatible for Editor in 4.44 ms, found 4 plugins.
Native extension for WindowsStandalone target not found
Mono: successfully reloaded assembly
- Finished resetting the current domain, in  1.336 seconds
Domain Reload Profiling: 5850ms
	BeginReloadAssembly (1939ms)
		ExecutionOrderSort (1ms)
		DisableScriptedObjects (354ms)
		BackupInstance (0ms)
		ReleaseScriptingObjects (5ms)
		CreateAndSetChildDomain (750ms)
	RebuildCommonClasses (63ms)
	RebuildNativeTypeToScriptingClass (16ms)
	initialDomainReloadingComplete (71ms)
	LoadAllAssembliesAndSetupDomain (2422ms)
		LoadAssemblies (1895ms)
		RebuildTransferFunctionScriptingTraits (0ms)
		AnalyzeDomain (868ms)
			TypeCache.Refresh (48ms)
				TypeCache.ScanAssembly (0ms)
			BuildScriptInfoCaches (754ms)
			ResolveRequiredComponents (23ms)
	FinalizeReload (1339ms)
		ReleaseScriptCaches (0ms)
		RebuildScriptCaches (0ms)
		SetupLoadedEditorAssemblies (1050ms)
			LogAssemblyErrors (0ms)
			InitializePlatformSupportModulesInManaged (2ms)
			SetLoadedEditorAssemblies (9ms)
			BeforeProcessingInitializeOnLoad (194ms)
			ProcessInitializeOnLoadAttributes (749ms)
			ProcessInitializeOnLoadMethodAttributes (92ms)
			AfterProcessingInitializeOnLoad (2ms)
			EditorAssembliesLoaded (1ms)
		ExecutionOrderSort2 (0ms)
		AwakeInstancesAfterBackupRestoration (17ms)
Refreshing native plugins compatible for Editor in 1.98 ms, found 4 plugins.
Preloading 0 native plugins for Editor in 0.00 ms.
Unloading 12 Unused Serialized files (Serialized files now loaded: 0)
Unloading 6772 unused Assets / (6.6 MB). Loaded Objects now: 7742.
Memory consumption went from 158.3 MB to 151.6 MB.
Total: 24.501600 ms (FindLiveObjects: 2.364700 ms CreateObjectMapping: 1.118700 ms MarkObjects: 12.857800 ms  DeleteObjects: 7.945800 ms)

Prepare: number of updated asset objects reloaded= 0
========================================================================
Received Prepare
Begin MonoManager ReloadAssembly
- Loaded All Assemblies, in  1.985 seconds
Refreshing native plugins compatible for Editor in 1.59 ms, found 4 plugins.
Native extension for WindowsStandalone target not found
Mono: successfully reloaded assembly
- Finished resetting the current domain, in  1.324 seconds
Domain Reload Profiling: 3321ms
	BeginReloadAssembly (388ms)
		ExecutionOrderSort (0ms)
		DisableScriptedObjects (19ms)
		BackupInstance (0ms)
		ReleaseScriptingObjects (1ms)
		CreateAndSetChildDomain (103ms)
	RebuildCommonClasses (50ms)
	RebuildNativeTypeToScriptingClass (15ms)
	initialDomainReloadingComplete (35ms)
	LoadAllAssembliesAndSetupDomain (1508ms)
		LoadAssemblies (1066ms)
		RebuildTransferFunctionScriptingTraits (0ms)
		AnalyzeDomain (619ms)
			TypeCache.Refresh (45ms)
				TypeCache.ScanAssembly (0ms)
			BuildScriptInfoCaches (519ms)
			ResolveRequiredComponents (21ms)
	FinalizeReload (1325ms)
		ReleaseScriptCaches (0ms)
		RebuildScriptCaches (0ms)
		SetupLoadedEditorAssemblies (1072ms)
			LogAssemblyErrors (0ms)
			InitializePlatformSupportModulesInManaged (4ms)
			SetLoadedEditorAssemblies (14ms)
			BeforeProcessingInitializeOnLoad (209ms)
			ProcessInitializeOnLoadAttributes (751ms)
			ProcessInitializeOnLoadMethodAttributes (91ms)
			AfterProcessingInitializeOnLoad (2ms)
			EditorAssembliesLoaded (1ms)
		ExecutionOrderSort2 (0ms)
		AwakeInstancesAfterBackupRestoration (19ms)
Refreshing native plugins compatible for Editor in 1.91 ms, found 4 plugins.
Preloading 0 native plugins for Editor in 0.00 ms.
Unloading 12 Unused Serialized files (Serialized files now loaded: 0)
Unloading 6772 unused Assets / (5.3 MB). Loaded Objects now: 7745.
Memory consumption went from 160.5 MB to 155.2 MB.
Total: 33.249200 ms (FindLiveObjects: 5.804300 ms CreateObjectMapping: 3.514700 ms MarkObjects: 13.347800 ms  DeleteObjects: 10.576500 ms)

Prepare: number of updated asset objects reloaded= 0
========================================================================
Received Prepare
Begin MonoManager ReloadAssembly
- Loaded All Assemblies, in  5.124 seconds
Refreshing native plugins compatible for Editor in 1.55 ms, found 4 plugins.
Native extension for WindowsStandalone target not found
Mono: successfully reloaded assembly
- Finished resetting the current domain, in  1.303 seconds
Domain Reload Profiling: 6458ms
	BeginReloadAssembly (1783ms)
		ExecutionOrderSort (3ms)
		DisableScriptedObjects (390ms)
		BackupInstance (0ms)
		ReleaseScriptingObjects (4ms)
		CreateAndSetChildDomain (776ms)
	RebuildCommonClasses (53ms)
	RebuildNativeTypeToScriptingClass (15ms)
	initialDomainReloadingComplete (71ms)
	LoadAllAssembliesAndSetupDomain (3233ms)
		LoadAssemblies (2020ms)
		RebuildTransferFunctionScriptingTraits (0ms)
		AnalyzeDomain (1443ms)
			TypeCache.Refresh (155ms)
				TypeCache.ScanAssembly (5ms)
			BuildScriptInfoCaches (1196ms)
			ResolveRequiredComponents (33ms)
	FinalizeReload (1303ms)
		ReleaseScriptCaches (0ms)
		RebuildScriptCaches (0ms)
		SetupLoadedEditorAssemblies (1060ms)
			LogAssemblyErrors (0ms)
			InitializePlatformSupportModulesInManaged (2ms)
			SetLoadedEditorAssemblies (10ms)
			BeforeProcessingInitializeOnLoad (195ms)
			ProcessInitializeOnLoadAttributes (749ms)
			ProcessInitializeOnLoadMethodAttributes (101ms)
			AfterProcessingInitializeOnLoad (2ms)
			EditorAssembliesLoaded (1ms)
		ExecutionOrderSort2 (0ms)
		AwakeInstancesAfterBackupRestoration (20ms)
Refreshing native plugins compatible for Editor in 1.28 ms, found 4 plugins.
Preloading 0 native plugins for Editor in 0.00 ms.
Unloading 12 Unused Serialized files (Serialized files now loaded: 0)
Unloading 6772 unused Assets / (5.7 MB). Loaded Objects now: 7748.
Memory consumption went from 162.8 MB to 157.0 MB.
Total: 16.419600 ms (FindLiveObjects: 1.435000 ms CreateObjectMapping: 0.979700 ms MarkObjects: 9.144600 ms  DeleteObjects: 4.857100 ms)

Prepare: number of updated asset objects reloaded= 0
========================================================================
Received Import Request.
  Time since last request: 352.349273 seconds.
  path: Assets/Sounds/อุดร/กดข้าวเสีย.mp3
  artifactKey: Guid(32215e003492a1a48b5260294845b5bd) Importer(815301076,1909f56bfc062723c751e8b465ee728b)
Start importing Assets/Sounds/อุดร/กดข้าวเสีย.mp3 using Guid(32215e003492a1a48b5260294845b5bd) Importer(815301076,1909f56bfc062723c751e8b465ee728b) (PreviewImporter) -> (artifact id: '0ea816d76a7256e7cd2b3ff46ae960e2') in 1.4839836 seconds
Number of updated asset objects reloaded before import = 0Number of asset objects unloaded after import = 2

========================================================================
Received Prepare
Begin MonoManager ReloadAssembly
- Loaded All Assemblies, in  4.190 seconds
Refreshing native plugins compatible for Editor in 7.77 ms, found 4 plugins.
Native extension for WindowsStandalone target not found
Mono: successfully reloaded assembly
- Finished resetting the current domain, in  1.771 seconds
Domain Reload Profiling: 5976ms
	BeginReloadAssembly (1701ms)
		ExecutionOrderSort (1ms)
		DisableScriptedObjects (154ms)
		BackupInstance (0ms)
		ReleaseScriptingObjects (3ms)
		CreateAndSetChildDomain (888ms)
	RebuildCommonClasses (68ms)
	RebuildNativeTypeToScriptingClass (19ms)
	initialDomainReloadingComplete (53ms)
	LoadAllAssembliesAndSetupDomain (2362ms)
		LoadAssemblies (2078ms)
		RebuildTransferFunctionScriptingTraits (0ms)
		AnalyzeDomain (695ms)
			TypeCache.Refresh (64ms)
				TypeCache.ScanAssembly (0ms)
			BuildScriptInfoCaches (562ms)
			ResolveRequiredComponents (22ms)
	FinalizeReload (1773ms)
		ReleaseScriptCaches (0ms)
		RebuildScriptCaches (0ms)
		SetupLoadedEditorAssemblies (1314ms)
			LogAssemblyErrors (0ms)
			InitializePlatformSupportModulesInManaged (7ms)
			SetLoadedEditorAssemblies (15ms)
			BeforeProcessingInitializeOnLoad (303ms)
			ProcessInitializeOnLoadAttributes (892ms)
			ProcessInitializeOnLoadMethodAttributes (91ms)
			AfterProcessingInitializeOnLoad (3ms)
			EditorAssembliesLoaded (2ms)
		ExecutionOrderSort2 (0ms)
		AwakeInstancesAfterBackupRestoration (20ms)
Refreshing native plugins compatible for Editor in 7.28 ms, found 4 plugins.
Preloading 0 native plugins for Editor in 0.00 ms.
Unloading 12 Unused Serialized files (Serialized files now loaded: 0)
Unloading 6772 unused Assets / (7.2 MB). Loaded Objects now: 7751.
Memory consumption went from 158.4 MB to 151.2 MB.
Total: 33.176200 ms (FindLiveObjects: 2.365700 ms CreateObjectMapping: 2.021300 ms MarkObjects: 16.912900 ms  DeleteObjects: 11.668200 ms)

Prepare: number of updated asset objects reloaded= 0
========================================================================
Received Prepare
Begin MonoManager ReloadAssembly
- Loaded All Assemblies, in  4.683 seconds
Refreshing native plugins compatible for Editor in 1.66 ms, found 4 plugins.
Native extension for WindowsStandalone target not found
Mono: successfully reloaded assembly
- Finished resetting the current domain, in  1.554 seconds
Domain Reload Profiling: 6296ms
	BeginReloadAssembly (2479ms)
		ExecutionOrderSort (1ms)
		DisableScriptedObjects (475ms)
		BackupInstance (0ms)
		ReleaseScriptingObjects (8ms)
		CreateAndSetChildDomain (836ms)
	RebuildCommonClasses (74ms)
	RebuildNativeTypeToScriptingClass (16ms)
	initialDomainReloadingComplete (86ms)
	LoadAllAssembliesAndSetupDomain (2087ms)
		LoadAssemblies (1617ms)
		RebuildTransferFunctionScriptingTraits (0ms)
		AnalyzeDomain (778ms)
			TypeCache.Refresh (103ms)
				TypeCache.ScanAssembly (3ms)
			BuildScriptInfoCaches (603ms)
			ResolveRequiredComponents (28ms)
	FinalizeReload (1555ms)
		ReleaseScriptCaches (0ms)
		RebuildScriptCaches (0ms)
		SetupLoadedEditorAssemblies (1289ms)
			LogAssemblyErrors (0ms)
			InitializePlatformSupportModulesInManaged (2ms)
			SetLoadedEditorAssemblies (9ms)
			BeforeProcessingInitializeOnLoad (204ms)
			ProcessInitializeOnLoadAttributes (966ms)
			ProcessInitializeOnLoadMethodAttributes (104ms)
			AfterProcessingInitializeOnLoad (3ms)
			EditorAssembliesLoaded (1ms)
		ExecutionOrderSort2 (0ms)
		AwakeInstancesAfterBackupRestoration (22ms)
Refreshing native plugins compatible for Editor in 1.94 ms, found 4 plugins.
Preloading 0 native plugins for Editor in 0.00 ms.
Unloading 12 Unused Serialized files (Serialized files now loaded: 0)
Unloading 6772 unused Assets / (5.9 MB). Loaded Objects now: 7754.
Memory consumption went from 160.6 MB to 154.7 MB.
Total: 19.383500 ms (FindLiveObjects: 1.561300 ms CreateObjectMapping: 1.054500 ms MarkObjects: 10.177100 ms  DeleteObjects: 6.585800 ms)

Prepare: number of updated asset objects reloaded= 0
========================================================================
Received Import Request.
  Time since last request: 932.810959 seconds.
  path: Assets/UDON/Assets/kawaii.png
  artifactKey: Guid(bca4ef3e3cf922a43a0d97215fc228f5) Importer(815301076,1909f56bfc062723c751e8b465ee728b)
Start importing Assets/UDON/Assets/kawaii.png using Guid(bca4ef3e3cf922a43a0d97215fc228f5) Importer(815301076,1909f56bfc062723c751e8b465ee728b) (PreviewImporter) -> (artifact id: '3a6a94d5de9f77c182b81f33c709fe23') in 2.1914693 seconds
Number of updated asset objects reloaded before import = 0Number of asset objects unloaded after import = 35

========================================================================
Received Import Request.
  Time since last request: 39.646386 seconds.
  path: Assets/roiet script/CookingStage/Grandma/Mouse2.png
  artifactKey: Guid(783d0460a9c0ba14c8e3c7a3d4047c29) Importer(815301076,1909f56bfc062723c751e8b465ee728b)
Start importing Assets/roiet script/CookingStage/Grandma/Mouse2.png using Guid(783d0460a9c0ba14c8e3c7a3d4047c29) Importer(815301076,1909f56bfc062723c751e8b465ee728b) (PreviewImporter) -> (artifact id: '94fc173303234460741b0b0f3dab28d3') in 0.0599341 seconds
Number of updated asset objects reloaded before import = 0Number of asset objects unloaded after import = 3

========================================================================
Received Import Request.
  Time since last request: 5.859026 seconds.
  path: Assets/roiet script/CookingStage/Sprite/ผัก.png
  artifactKey: Guid(d16526f9b0da53741842d9ad26f19643) Importer(815301076,1909f56bfc062723c751e8b465ee728b)
Start importing Assets/roiet script/CookingStage/Sprite/ผัก.png using Guid(d16526f9b0da53741842d9ad26f19643) Importer(815301076,1909f56bfc062723c751e8b465ee728b) (PreviewImporter) -> (artifact id: 'aa0309ca7e6e563df995a7f919f47ada') in 0.0428507 seconds
Number of updated asset objects reloaded before import = 0Number of asset objects unloaded after import = 3

========================================================================
Received Import Request.
  Time since last request: 0.000034 seconds.
  path: Assets/roiet script/CookingStage/Sprite/ผัก2.png
  artifactKey: Guid(e98854dce8a8a0e4f8c829dd9fdd74cc) Importer(815301076,1909f56bfc062723c751e8b465ee728b)
Start importing Assets/roiet script/CookingStage/Sprite/ผัก2.png using Guid(e98854dce8a8a0e4f8c829dd9fdd74cc) Importer(815301076,1909f56bfc062723c751e8b465ee728b) (PreviewImporter) -> (artifact id: 'adbac068d34ab01121513dc5b7494544') in 0.0440419 seconds
Number of updated asset objects reloaded before import = 0Number of asset objects unloaded after import = 3

========================================================================
Received Import Request.
  Time since last request: 0.219198 seconds.
  path: Assets/roiet script/CookingStage/Sprite/สาก.png
  artifactKey: Guid(bd7668ae78d18614f95a59d37b9afbac) Importer(815301076,1909f56bfc062723c751e8b465ee728b)
Start importing Assets/roiet script/CookingStage/Sprite/สาก.png using Guid(bd7668ae78d18614f95a59d37b9afbac) Importer(815301076,1909f56bfc062723c751e8b465ee728b) (PreviewImporter) -> (artifact id: 'b5ad425e2a935ccf23e824886bd13770') in 0.0475243 seconds
Number of updated asset objects reloaded before import = 0Number of asset objects unloaded after import = 3

========================================================================
Received Import Request.
  Time since last request: 12.394107 seconds.
  path: Packages/com.unity.2d.animation/Editor/Assets/ComponentIcons/Animation.SpriteLibrary On@64.png
  artifactKey: Guid(19370790a791d4fc99ee3830251366f8) Importer(815301076,1909f56bfc062723c751e8b465ee728b)
Start importing Packages/com.unity.2d.animation/Editor/Assets/ComponentIcons/Animation.SpriteLibrary On@64.png using Guid(19370790a791d4fc99ee3830251366f8) Importer(815301076,1909f56bfc062723c751e8b465ee728b) (PreviewImporter) -> (artifact id: '6977b055cbc98cb0c1df17ac45bab6a8') in 0.0337276 seconds
Number of updated asset objects reloaded before import = 0Number of asset objects unloaded after import = 3

========================================================================
Received Import Request.
  Time since last request: 0.000027 seconds.
  path: Packages/com.unity.2d.animation/Editor/Assets/ComponentIcons/Animation.SpriteLibrary On@128.png
  artifactKey: Guid(46e8f61d13f8b49c7b2ac6beb5788f2c) Importer(815301076,1909f56bfc062723c751e8b465ee728b)
Start importing Packages/com.unity.2d.animation/Editor/Assets/ComponentIcons/Animation.SpriteLibrary On@128.png using Guid(46e8f61d13f8b49c7b2ac6beb5788f2c) Importer(815301076,1909f56bfc062723c751e8b465ee728b) (PreviewImporter) -> (artifact id: 'f65fe37c55c60c1ec9a576dde5da547e') in 0.0361863 seconds
Number of updated asset objects reloaded before import = 0Number of asset objects unloaded after import = 3

========================================================================
Received Import Request.
  Time since last request: 0.000039 seconds.
  path: Packages/com.unity.2d.animation/Editor/Assets/ComponentIcons/Animation.SpriteLibrary@32.png
  artifactKey: Guid(5c6d7a5595d5b4713980d6a92eb6fced) Importer(815301076,1909f56bfc062723c751e8b465ee728b)
Start importing Packages/com.unity.2d.animation/Editor/Assets/ComponentIcons/Animation.SpriteLibrary@32.png using Guid(5c6d7a5595d5b4713980d6a92eb6fced) Importer(815301076,1909f56bfc062723c751e8b465ee728b) (PreviewImporter) -> (artifact id: 'e3def82144f8139807e1dbca38e5b81c') in 0.0323729 seconds
Number of updated asset objects reloaded before import = 0Number of asset objects unloaded after import = 3

========================================================================
Received Import Request.
  Time since last request: 0.000026 seconds.
  path: Packages/com.unity.2d.animation/Editor/Assets/ComponentIcons/Animation.SpriteLibraryManager On.png
  artifactKey: Guid(aea51f1a175ef466e95835d2787d061f) Importer(815301076,1909f56bfc062723c751e8b465ee728b)
Start importing Packages/com.unity.2d.animation/Editor/Assets/ComponentIcons/Animation.SpriteLibraryManager On.png using Guid(aea51f1a175ef466e95835d2787d061f) Importer(815301076,1909f56bfc062723c751e8b465ee728b) (PreviewImporter) -> (artifact id: '48e197235fdd453f57b7eb376d6b5a27') in 0.0366867 seconds
Number of updated asset objects reloaded before import = 0Number of asset objects unloaded after import = 3

========================================================================
Received Import Request.
  Time since last request: 0.000053 seconds.
  path: Packages/com.unity.2d.animation/Editor/Assets/ComponentIcons/Animation.SpriteLibrary@2x.png
  artifactKey: Guid(4c962e26d197d4a78af313c9eba7f136) Importer(815301076,1909f56bfc062723c751e8b465ee728b)
Start importing Packages/com.unity.2d.animation/Editor/Assets/ComponentIcons/Animation.SpriteLibrary@2x.png using Guid(4c962e26d197d4a78af313c9eba7f136) Importer(815301076,1909f56bfc062723c751e8b465ee728b) (PreviewImporter) -> (artifact id: '3d0f21943debb15e9125b4fa576ce06b') in 0.0429751 seconds
Number of updated asset objects reloaded before import = 0Number of asset objects unloaded after import = 4

========================================================================
Received Import Request.
  Time since last request: 15.996610 seconds.
  path: Assets/Surin/Cookingstage/Table.png
  artifactKey: Guid(c95bf069345e9ed4f9c936a264b5f500) Importer(815301076,1909f56bfc062723c751e8b465ee728b)
Start importing Assets/Surin/Cookingstage/Table.png using Guid(c95bf069345e9ed4f9c936a264b5f500) Importer(815301076,1909f56bfc062723c751e8b465ee728b) (PreviewImporter) -> (artifact id: '26aabe3fce99c58cb21c6c84971f69d8') in 0.0554475 seconds
Number of updated asset objects reloaded before import = 0Number of asset objects unloaded after import = 3

========================================================================
Received Import Request.
  Time since last request: 6.281233 seconds.
  path: Assets/roiet script/CookingStage/Grandma/Hand2.png
  artifactKey: Guid(3b418f126dcaa9c42938c230ef9d5a1f) Importer(815301076,1909f56bfc062723c751e8b465ee728b)
Start importing Assets/roiet script/CookingStage/Grandma/Hand2.png using Guid(3b418f126dcaa9c42938c230ef9d5a1f) Importer(815301076,1909f56bfc062723c751e8b465ee728b) (PreviewImporter) -> (artifact id: '7876b57dfa631681a1abbda493bf0556') in 0.0508299 seconds
Number of updated asset objects reloaded before import = 0Number of asset objects unloaded after import = 3

========================================================================
Received Prepare
Begin MonoManager ReloadAssembly
- Loaded All Assemblies, in  6.469 seconds
Refreshing native plugins compatible for Editor in 2.23 ms, found 4 plugins.
Native extension for WindowsStandalone target not found
Mono: successfully reloaded assembly
- Finished resetting the current domain, in  1.532 seconds
Domain Reload Profiling: 8031ms
	BeginReloadAssembly (3468ms)
		ExecutionOrderSort (3ms)
		DisableScriptedObjects (519ms)
		BackupInstance (0ms)
		ReleaseScriptingObjects (8ms)
		CreateAndSetChildDomain (1659ms)
	RebuildCommonClasses (89ms)
	RebuildNativeTypeToScriptingClass (17ms)
	initialDomainReloadingComplete (104ms)
	LoadAllAssembliesAndSetupDomain (2819ms)
		LoadAssemblies (2308ms)
		RebuildTransferFunctionScriptingTraits (0ms)
		AnalyzeDomain (1092ms)
			TypeCache.Refresh (60ms)
				TypeCache.ScanAssembly (0ms)
			BuildScriptInfoCaches (943ms)
			ResolveRequiredComponents (30ms)
	FinalizeReload (1533ms)
		ReleaseScriptCaches (0ms)
		RebuildScriptCaches (0ms)
		SetupLoadedEditorAssemblies (1261ms)
			LogAssemblyErrors (0ms)
			InitializePlatformSupportModulesInManaged (4ms)
			SetLoadedEditorAssemblies (10ms)
			BeforeProcessingInitializeOnLoad (216ms)
			ProcessInitializeOnLoadAttributes (925ms)
			ProcessInitializeOnLoadMethodAttributes (102ms)
			AfterProcessingInitializeOnLoad (2ms)
			EditorAssembliesLoaded (2ms)
		ExecutionOrderSort2 (0ms)
		AwakeInstancesAfterBackupRestoration (22ms)
Refreshing native plugins compatible for Editor in 8.00 ms, found 4 plugins.
Preloading 0 native plugins for Editor in 0.00 ms.
Unloading 12 Unused Serialized files (Serialized files now loaded: 0)
Unloading 6772 unused Assets / (4.6 MB). Loaded Objects now: 7819.
Memory consumption went from 158.8 MB to 154.2 MB.
Total: 17.912700 ms (FindLiveObjects: 1.154600 ms CreateObjectMapping: 1.166900 ms MarkObjects: 10.832200 ms  DeleteObjects: 4.755300 ms)

Prepare: number of updated asset objects reloaded= 0
========================================================================
Received Prepare
Begin MonoManager ReloadAssembly
- Loaded All Assemblies, in  4.612 seconds
Refreshing native plugins compatible for Editor in 1.59 ms, found 4 plugins.
Native extension for WindowsStandalone target not found
Mono: successfully reloaded assembly
- Finished resetting the current domain, in  1.415 seconds
Domain Reload Profiling: 6046ms
	BeginReloadAssembly (1952ms)
		ExecutionOrderSort (1ms)
		DisableScriptedObjects (286ms)
		BackupInstance (0ms)
		ReleaseScriptingObjects (2ms)
		CreateAndSetChildDomain (787ms)
	RebuildCommonClasses (76ms)
	RebuildNativeTypeToScriptingClass (20ms)
	initialDomainReloadingComplete (102ms)
	LoadAllAssembliesAndSetupDomain (2479ms)
		LoadAssemblies (1961ms)
		RebuildTransferFunctionScriptingTraits (0ms)
		AnalyzeDomain (970ms)
			TypeCache.Refresh (53ms)
				TypeCache.ScanAssembly (0ms)
			BuildScriptInfoCaches (857ms)
			ResolveRequiredComponents (25ms)
	FinalizeReload (1416ms)
		ReleaseScriptCaches (0ms)
		RebuildScriptCaches (0ms)
		SetupLoadedEditorAssemblies (1178ms)
			LogAssemblyErrors (0ms)
			InitializePlatformSupportModulesInManaged (2ms)
			SetLoadedEditorAssemblies (9ms)
			BeforeProcessingInitializeOnLoad (210ms)
			ProcessInitializeOnLoadAttributes (865ms)
			ProcessInitializeOnLoadMethodAttributes (89ms)
			AfterProcessingInitializeOnLoad (2ms)
			EditorAssembliesLoaded (1ms)
		ExecutionOrderSort2 (0ms)
		AwakeInstancesAfterBackupRestoration (22ms)
Refreshing native plugins compatible for Editor in 1.35 ms, found 4 plugins.
Preloading 0 native plugins for Editor in 0.00 ms.
Unloading 12 Unused Serialized files (Serialized files now loaded: 0)
Unloading 6772 unused Assets / (5.3 MB). Loaded Objects now: 7822.
Memory consumption went from 161.1 MB to 155.7 MB.
Total: 15.713100 ms (FindLiveObjects: 1.406700 ms CreateObjectMapping: 1.039700 ms MarkObjects: 8.581100 ms  DeleteObjects: 4.681600 ms)

Prepare: number of updated asset objects reloaded= 0
========================================================================
Received Prepare
Begin MonoManager ReloadAssembly
- Loaded All Assemblies, in  6.425 seconds
Refreshing native plugins compatible for Editor in 2.68 ms, found 4 plugins.
Native extension for WindowsStandalone target not found
Mono: successfully reloaded assembly
- Finished resetting the current domain, in  1.729 seconds
Domain Reload Profiling: 8232ms
	BeginReloadAssembly (2996ms)
		ExecutionOrderSort (5ms)
		DisableScriptedObjects (716ms)
		BackupInstance (0ms)
		ReleaseScriptingObjects (5ms)
		CreateAndSetChildDomain (1147ms)
	RebuildCommonClasses (108ms)
	RebuildNativeTypeToScriptingClass (25ms)
	initialDomainReloadingComplete (112ms)
	LoadAllAssembliesAndSetupDomain (3261ms)
		LoadAssemblies (2500ms)
		RebuildTransferFunctionScriptingTraits (0ms)
		AnalyzeDomain (1253ms)
			TypeCache.Refresh (150ms)
				TypeCache.ScanAssembly (5ms)
			BuildScriptInfoCaches (1012ms)
			ResolveRequiredComponents (37ms)
	FinalizeReload (1731ms)
		ReleaseScriptCaches (0ms)
		RebuildScriptCaches (0ms)
		SetupLoadedEditorAssemblies (1423ms)
			LogAssemblyErrors (0ms)
			InitializePlatformSupportModulesInManaged (3ms)
			SetLoadedEditorAssemblies (9ms)
			BeforeProcessingInitializeOnLoad (211ms)
			ProcessInitializeOnLoadAttributes (1037ms)
			ProcessInitializeOnLoadMethodAttributes (159ms)
			AfterProcessingInitializeOnLoad (3ms)
			EditorAssembliesLoaded (1ms)
		ExecutionOrderSort2 (0ms)
		AwakeInstancesAfterBackupRestoration (29ms)
Refreshing native plugins compatible for Editor in 2.42 ms, found 4 plugins.
Preloading 0 native plugins for Editor in 0.00 ms.
Unloading 12 Unused Serialized files (Serialized files now loaded: 0)
Unloading 6772 unused Assets / (7.4 MB). Loaded Objects now: 7825.
Memory consumption went from 163.3 MB to 155.9 MB.
Total: 24.344400 ms (FindLiveObjects: 1.968500 ms CreateObjectMapping: 1.908200 ms MarkObjects: 11.416700 ms  DeleteObjects: 9.046900 ms)

Prepare: number of updated asset objects reloaded= 0
========================================================================
Received Prepare
Begin MonoManager ReloadAssembly
- Loaded All Assemblies, in  5.251 seconds
Refreshing native plugins compatible for Editor in 5.25 ms, found 4 plugins.
Native extension for WindowsStandalone target not found
Mono: successfully reloaded assembly
- Finished resetting the current domain, in  2.094 seconds
Domain Reload Profiling: 7419ms
	BeginReloadAssembly (2418ms)
		ExecutionOrderSort (0ms)
		DisableScriptedObjects (462ms)
		BackupInstance (0ms)
		ReleaseScriptingObjects (6ms)
		CreateAndSetChildDomain (889ms)
	RebuildCommonClasses (71ms)
	RebuildNativeTypeToScriptingClass (19ms)
	initialDomainReloadingComplete (128ms)
	LoadAllAssembliesAndSetupDomain (2688ms)
		LoadAssemblies (2189ms)
		RebuildTransferFunctionScriptingTraits (0ms)
		AnalyzeDomain (1020ms)
			TypeCache.Refresh (97ms)
				TypeCache.ScanAssembly (0ms)
			BuildScriptInfoCaches (817ms)
			ResolveRequiredComponents (40ms)
	FinalizeReload (2096ms)
		ReleaseScriptCaches (0ms)
		RebuildScriptCaches (0ms)
		SetupLoadedEditorAssemblies (1616ms)
			LogAssemblyErrors (0ms)
			InitializePlatformSupportModulesInManaged (12ms)
			SetLoadedEditorAssemblies (39ms)
			BeforeProcessingInitializeOnLoad (296ms)
			ProcessInitializeOnLoadAttributes (1094ms)
			ProcessInitializeOnLoadMethodAttributes (158ms)
			AfterProcessingInitializeOnLoad (11ms)
			EditorAssembliesLoaded (5ms)
		ExecutionOrderSort2 (1ms)
		AwakeInstancesAfterBackupRestoration (27ms)
Refreshing native plugins compatible for Editor in 4.01 ms, found 4 plugins.
Preloading 0 native plugins for Editor in 0.00 ms.
Unloading 12 Unused Serialized files (Serialized files now loaded: 0)
Unloading 6772 unused Assets / (3.0 MB). Loaded Objects now: 7828.
Memory consumption went from 165.6 MB to 162.5 MB.
Total: 17.048500 ms (FindLiveObjects: 1.870700 ms CreateObjectMapping: 2.670800 ms MarkObjects: 8.267300 ms  DeleteObjects: 4.235900 ms)

Prepare: number of updated asset objects reloaded= 0
========================================================================
Received Prepare
Begin MonoManager ReloadAssembly
- Loaded All Assemblies, in  4.083 seconds
Refreshing native plugins compatible for Editor in 1.86 ms, found 4 plugins.
Native extension for WindowsStandalone target not found
Mono: successfully reloaded assembly
- Finished resetting the current domain, in  1.242 seconds
Domain Reload Profiling: 5339ms
	BeginReloadAssembly (2156ms)
		ExecutionOrderSort (4ms)
		DisableScriptedObjects (536ms)
		BackupInstance (0ms)
		ReleaseScriptingObjects (5ms)
		CreateAndSetChildDomain (759ms)
	RebuildCommonClasses (83ms)
	RebuildNativeTypeToScriptingClass (17ms)
	initialDomainReloadingComplete (101ms)
	LoadAllAssembliesAndSetupDomain (1739ms)
		LoadAssemblies (1473ms)
		RebuildTransferFunctionScriptingTraits (0ms)
		AnalyzeDomain (630ms)
			TypeCache.Refresh (46ms)
				TypeCache.ScanAssembly (0ms)
			BuildScriptInfoCaches (513ms)
			ResolveRequiredComponents (27ms)
	FinalizeReload (1243ms)
		ReleaseScriptCaches (0ms)
		RebuildScriptCaches (0ms)
		SetupLoadedEditorAssemblies (1001ms)
			LogAssemblyErrors (0ms)
			InitializePlatformSupportModulesInManaged (2ms)
			SetLoadedEditorAssemblies (11ms)
			BeforeProcessingInitializeOnLoad (189ms)
			ProcessInitializeOnLoadAttributes (711ms)
			ProcessInitializeOnLoadMethodAttributes (84ms)
			AfterProcessingInitializeOnLoad (2ms)
			EditorAssembliesLoaded (1ms)
		ExecutionOrderSort2 (0ms)
		AwakeInstancesAfterBackupRestoration (18ms)
Refreshing native plugins compatible for Editor in 3.01 ms, found 4 plugins.
Preloading 0 native plugins for Editor in 0.00 ms.
Unloading 12 Unused Serialized files (Serialized files now loaded: 0)
Unloading 6772 unused Assets / (5.3 MB). Loaded Objects now: 7831.
Memory consumption went from 167.8 MB to 162.5 MB.
Total: 15.483900 ms (FindLiveObjects: 1.401700 ms CreateObjectMapping: 1.086700 ms MarkObjects: 8.439900 ms  DeleteObjects: 4.551900 ms)

Prepare: number of updated asset objects reloaded= 0
========================================================================
Received Prepare
Begin MonoManager ReloadAssembly
- Loaded All Assemblies, in  1.811 seconds
Refreshing native plugins compatible for Editor in 1.78 ms, found 4 plugins.
Native extension for WindowsStandalone target not found
Mono: successfully reloaded assembly
- Finished resetting the current domain, in  1.498 seconds
Domain Reload Profiling: 3316ms
	BeginReloadAssembly (324ms)
		ExecutionOrderSort (0ms)
		DisableScriptedObjects (21ms)
		BackupInstance (0ms)
		ReleaseScriptingObjects (1ms)
		CreateAndSetChildDomain (76ms)
	RebuildCommonClasses (45ms)
	RebuildNativeTypeToScriptingClass (15ms)
	initialDomainReloadingComplete (102ms)
	LoadAllAssembliesAndSetupDomain (1330ms)
		LoadAssemblies (773ms)
		RebuildTransferFunctionScriptingTraits (0ms)
		AnalyzeDomain (695ms)
			TypeCache.Refresh (75ms)
				TypeCache.ScanAssembly (0ms)
			BuildScriptInfoCaches (551ms)
			ResolveRequiredComponents (19ms)
	FinalizeReload (1499ms)
		ReleaseScriptCaches (0ms)
		RebuildScriptCaches (0ms)
		SetupLoadedEditorAssemblies (1271ms)
			LogAssemblyErrors (0ms)
			InitializePlatformSupportModulesInManaged (2ms)
			SetLoadedEditorAssemblies (5ms)
			BeforeProcessingInitializeOnLoad (204ms)
			ProcessInitializeOnLoadAttributes (946ms)
			ProcessInitializeOnLoadMethodAttributes (110ms)
			AfterProcessingInitializeOnLoad (2ms)
			EditorAssembliesLoaded (1ms)
		ExecutionOrderSort2 (0ms)
		AwakeInstancesAfterBackupRestoration (20ms)
Refreshing native plugins compatible for Editor in 2.42 ms, found 4 plugins.
Preloading 0 native plugins for Editor in 0.00 ms.
Unloading 12 Unused Serialized files (Serialized files now loaded: 0)
Unloading 6772 unused Assets / (5.2 MB). Loaded Objects now: 7834.
Memory consumption went from 170.1 MB to 164.8 MB.
Total: 15.859600 ms (FindLiveObjects: 1.638500 ms CreateObjectMapping: 1.105600 ms MarkObjects: 8.370600 ms  DeleteObjects: 4.740200 ms)

Prepare: number of updated asset objects reloaded= 0
========================================================================
Received Prepare
Begin MonoManager ReloadAssembly
- Loaded All Assemblies, in  4.814 seconds
Refreshing native plugins compatible for Editor in 1.43 ms, found 4 plugins.
Native extension for WindowsStandalone target not found
Mono: successfully reloaded assembly
- Finished resetting the current domain, in  1.331 seconds
Domain Reload Profiling: 6165ms
	BeginReloadAssembly (2318ms)
		ExecutionOrderSort (1ms)
		DisableScriptedObjects (376ms)
		BackupInstance (0ms)
		ReleaseScriptingObjects (6ms)
		CreateAndSetChildDomain (1039ms)
	RebuildCommonClasses (64ms)
	RebuildNativeTypeToScriptingClass (16ms)
	initialDomainReloadingComplete (82ms)
	LoadAllAssembliesAndSetupDomain (2354ms)
		LoadAssemblies (1863ms)
		RebuildTransferFunctionScriptingTraits (0ms)
		AnalyzeDomain (875ms)
			TypeCache.Refresh (112ms)
				TypeCache.ScanAssembly (4ms)
			BuildScriptInfoCaches (706ms)
			ResolveRequiredComponents (20ms)
	FinalizeReload (1332ms)
		ReleaseScriptCaches (0ms)
		RebuildScriptCaches (0ms)
		SetupLoadedEditorAssemblies (1046ms)
			LogAssemblyErrors (0ms)
			InitializePlatformSupportModulesInManaged (3ms)
			SetLoadedEditorAssemblies (11ms)
			BeforeProcessingInitializeOnLoad (196ms)
			ProcessInitializeOnLoadAttributes (743ms)
			ProcessInitializeOnLoadMethodAttributes (92ms)
			AfterProcessingInitializeOnLoad (2ms)
			EditorAssembliesLoaded (1ms)
		ExecutionOrderSort2 (0ms)
		AwakeInstancesAfterBackupRestoration (22ms)
Refreshing native plugins compatible for Editor in 1.37 ms, found 4 plugins.
Preloading 0 native plugins for Editor in 0.00 ms.
Unloading 12 Unused Serialized files (Serialized files now loaded: 0)
Unloading 6772 unused Assets / (5.7 MB). Loaded Objects now: 7837.
Memory consumption went from 172.3 MB to 166.6 MB.
Total: 20.176600 ms (FindLiveObjects: 2.079600 ms CreateObjectMapping: 1.148100 ms MarkObjects: 9.643700 ms  DeleteObjects: 7.300600 ms)

Prepare: number of updated asset objects reloaded= 0
========================================================================
Received Prepare
Begin MonoManager ReloadAssembly
- Loaded All Assemblies, in  4.743 seconds
Refreshing native plugins compatible for Editor in 2.75 ms, found 4 plugins.
Native extension for WindowsStandalone target not found
Mono: successfully reloaded assembly
- Finished resetting the current domain, in  1.460 seconds
Domain Reload Profiling: 6247ms
	BeginReloadAssembly (2421ms)
		ExecutionOrderSort (2ms)
		DisableScriptedObjects (485ms)
		BackupInstance (0ms)
		ReleaseScriptingObjects (6ms)
		CreateAndSetChildDomain (1113ms)
	RebuildCommonClasses (76ms)
	RebuildNativeTypeToScriptingClass (23ms)
	initialDomainReloadingComplete (115ms)
	LoadAllAssembliesAndSetupDomain (2151ms)
		LoadAssemblies (1539ms)
		RebuildTransferFunctionScriptingTraits (0ms)
		AnalyzeDomain (929ms)
			TypeCache.Refresh (56ms)
				TypeCache.ScanAssembly (0ms)
			BuildScriptInfoCaches (795ms)
			ResolveRequiredComponents (31ms)
	FinalizeReload (1462ms)
		ReleaseScriptCaches (0ms)
		RebuildScriptCaches (0ms)
		SetupLoadedEditorAssemblies (1168ms)
			LogAssemblyErrors (0ms)
			InitializePlatformSupportModulesInManaged (5ms)
			SetLoadedEditorAssemblies (11ms)
			BeforeProcessingInitializeOnLoad (205ms)
			ProcessInitializeOnLoadAttributes (836ms)
			ProcessInitializeOnLoadMethodAttributes (107ms)
			AfterProcessingInitializeOnLoad (3ms)
			EditorAssembliesLoaded (1ms)
		ExecutionOrderSort2 (0ms)
		AwakeInstancesAfterBackupRestoration (21ms)
Refreshing native plugins compatible for Editor in 3.45 ms, found 4 plugins.
Preloading 0 native plugins for Editor in 0.00 ms.
Unloading 12 Unused Serialized files (Serialized files now loaded: 0)
Unloading 6772 unused Assets / (5.9 MB). Loaded Objects now: 7840.
Memory consumption went from 174.6 MB to 168.6 MB.
Total: 18.250400 ms (FindLiveObjects: 1.699800 ms CreateObjectMapping: 1.093200 ms MarkObjects: 8.507600 ms  DeleteObjects: 6.945600 ms)

Prepare: number of updated asset objects reloaded= 0
========================================================================
Received Prepare
Refreshing native plugins compatible for Editor in 2.69 ms, found 4 plugins.
Preloading 0 native plugins for Editor in 0.00 ms.
Unloading 12 Unused Serialized files (Serialized files now loaded: 0)
Unloading 6761 unused Assets / (6.2 MB). Loaded Objects now: 7840.
Memory consumption went from 176.9 MB to 170.7 MB.
Total: 370.990000 ms (FindLiveObjects: 7.656900 ms CreateObjectMapping: 1.355400 ms MarkObjects: 354.761500 ms  DeleteObjects: 7.211400 ms)

Prepare: number of updated asset objects reloaded= 0
========================================================================
Received Prepare
Begin MonoManager ReloadAssembly
- Loaded All Assemblies, in  6.229 seconds
Refreshing native plugins compatible for Editor in 9.36 ms, found 4 plugins.
Native extension for WindowsStandalone target not found
Mono: successfully reloaded assembly
- Finished resetting the current domain, in  2.196 seconds
Domain Reload Profiling: 8515ms
	BeginReloadAssembly (2388ms)
		ExecutionOrderSort (1ms)
		DisableScriptedObjects (353ms)
		BackupInstance (0ms)
		ReleaseScriptingObjects (4ms)
		CreateAndSetChildDomain (896ms)
	RebuildCommonClasses (95ms)
	RebuildNativeTypeToScriptingClass (17ms)
	initialDomainReloadingComplete (85ms)
	LoadAllAssembliesAndSetupDomain (3732ms)
		LoadAssemblies (2229ms)
		RebuildTransferFunctionScriptingTraits (0ms)
		AnalyzeDomain (2146ms)
			TypeCache.Refresh (53ms)
				TypeCache.ScanAssembly (0ms)
			BuildScriptInfoCaches (1980ms)
			ResolveRequiredComponents (36ms)
	FinalizeReload (2198ms)
		ReleaseScriptCaches (0ms)
		RebuildScriptCaches (0ms)
		SetupLoadedEditorAssemblies (1626ms)
			LogAssemblyErrors (0ms)
			InitializePlatformSupportModulesInManaged (7ms)
			SetLoadedEditorAssemblies (16ms)
			BeforeProcessingInitializeOnLoad (364ms)
			ProcessInitializeOnLoadAttributes (1138ms)
			ProcessInitializeOnLoadMethodAttributes (91ms)
			AfterProcessingInitializeOnLoad (7ms)
			EditorAssembliesLoaded (3ms)
		ExecutionOrderSort2 (1ms)
		AwakeInstancesAfterBackupRestoration (18ms)
Refreshing native plugins compatible for Editor in 2.81 ms, found 4 plugins.
Preloading 0 native plugins for Editor in 0.00 ms.
Unloading 12 Unused Serialized files (Serialized files now loaded: 0)
Unloading 6772 unused Assets / (4.3 MB). Loaded Objects now: 7843.
Memory consumption went from 179.0 MB to 174.8 MB.
Total: 30.005000 ms (FindLiveObjects: 5.956100 ms CreateObjectMapping: 4.564200 ms MarkObjects: 10.917200 ms  DeleteObjects: 8.563900 ms)

Prepare: number of updated asset objects reloaded= 0
========================================================================
Received Prepare
Begin MonoManager ReloadAssembly
- Loaded All Assemblies, in  1.489 seconds
Refreshing native plugins compatible for Editor in 5.33 ms, found 4 plugins.
Native extension for WindowsStandalone target not found
Mono: successfully reloaded assembly
- Finished resetting the current domain, in  1.350 seconds
Domain Reload Profiling: 2853ms
	BeginReloadAssembly (427ms)
		ExecutionOrderSort (0ms)
		DisableScriptedObjects (22ms)
		BackupInstance (0ms)
		ReleaseScriptingObjects (2ms)
		CreateAndSetChildDomain (76ms)
	RebuildCommonClasses (49ms)
	RebuildNativeTypeToScriptingClass (16ms)
	initialDomainReloadingComplete (38ms)
	LoadAllAssembliesAndSetupDomain (972ms)
		LoadAssemblies (667ms)
		RebuildTransferFunctionScriptingTraits (0ms)
		AnalyzeDomain (517ms)
			TypeCache.Refresh (40ms)
				TypeCache.ScanAssembly (0ms)
			BuildScriptInfoCaches (391ms)
			ResolveRequiredComponents (32ms)
	FinalizeReload (1351ms)
		ReleaseScriptCaches (0ms)
		RebuildScriptCaches (0ms)
		SetupLoadedEditorAssemblies (1090ms)
			LogAssemblyErrors (0ms)
			InitializePlatformSupportModulesInManaged (4ms)
			SetLoadedEditorAssemblies (11ms)
			BeforeProcessingInitializeOnLoad (199ms)
			ProcessInitializeOnLoadAttributes (767ms)
			ProcessInitializeOnLoadMethodAttributes (106ms)
			AfterProcessingInitializeOnLoad (2ms)
			EditorAssembliesLoaded (1ms)
		ExecutionOrderSort2 (0ms)
		AwakeInstancesAfterBackupRestoration (24ms)
Refreshing native plugins compatible for Editor in 2.31 ms, found 4 plugins.
Preloading 0 native plugins for Editor in 0.00 ms.
Unloading 12 Unused Serialized files (Serialized files now loaded: 0)
Unloading 6772 unused Assets / (5.7 MB). Loaded Objects now: 7846.
Memory consumption went from 181.3 MB to 175.5 MB.
Total: 20.415400 ms (FindLiveObjects: 1.636500 ms CreateObjectMapping: 1.062200 ms MarkObjects: 11.326100 ms  DeleteObjects: 6.386000 ms)

Prepare: number of updated asset objects reloaded= 0
========================================================================
Received Prepare
Begin MonoManager ReloadAssembly
- Loaded All Assemblies, in  4.467 seconds
Refreshing native plugins compatible for Editor in 2.30 ms, found 4 plugins.
Native extension for WindowsStandalone target not found
Mono: successfully reloaded assembly
- Finished resetting the current domain, in  1.387 seconds
Domain Reload Profiling: 5869ms
	BeginReloadAssembly (2298ms)
		ExecutionOrderSort (2ms)
		DisableScriptedObjects (456ms)
		BackupInstance (0ms)
		ReleaseScriptingObjects (4ms)
		CreateAndSetChildDomain (997ms)
	RebuildCommonClasses (79ms)
	RebuildNativeTypeToScriptingClass (17ms)
	initialDomainReloadingComplete (94ms)
	LoadAllAssembliesAndSetupDomain (1993ms)
		LoadAssemblies (1577ms)
		RebuildTransferFunctionScriptingTraits (0ms)
		AnalyzeDomain (768ms)
			TypeCache.Refresh (99ms)
				TypeCache.ScanAssembly (4ms)
			BuildScriptInfoCaches (611ms)
			ResolveRequiredComponents (22ms)
	FinalizeReload (1388ms)
		ReleaseScriptCaches (0ms)
		RebuildScriptCaches (0ms)
		SetupLoadedEditorAssemblies (1167ms)
			LogAssemblyErrors (0ms)
			InitializePlatformSupportModulesInManaged (2ms)
			SetLoadedEditorAssemblies (9ms)
			BeforeProcessingInitializeOnLoad (198ms)
			ProcessInitializeOnLoadAttributes (859ms)
			ProcessInitializeOnLoadMethodAttributes (96ms)
			AfterProcessingInitializeOnLoad (2ms)
			EditorAssembliesLoaded (1ms)
		ExecutionOrderSort2 (0ms)
		AwakeInstancesAfterBackupRestoration (19ms)
Refreshing native plugins compatible for Editor in 1.36 ms, found 4 plugins.
Preloading 0 native plugins for Editor in 0.00 ms.
Unloading 12 Unused Serialized files (Serialized files now loaded: 0)
Unloading 6772 unused Assets / (5.6 MB). Loaded Objects now: 7849.
Memory consumption went from 183.5 MB to 177.9 MB.
Total: 17.735600 ms (FindLiveObjects: 1.522500 ms CreateObjectMapping: 1.052800 ms MarkObjects: 8.933300 ms  DeleteObjects: 6.219800 ms)

Prepare: number of updated asset objects reloaded= 0
========================================================================
Received Prepare
Begin MonoManager ReloadAssembly
- Loaded All Assemblies, in  2.068 seconds
Refreshing native plugins compatible for Editor in 1.45 ms, found 4 plugins.
Native extension for WindowsStandalone target not found
Mono: successfully reloaded assembly
- Finished resetting the current domain, in  1.421 seconds
Domain Reload Profiling: 3508ms
	BeginReloadAssembly (298ms)
		ExecutionOrderSort (0ms)
		DisableScriptedObjects (18ms)
		BackupInstance (0ms)
		ReleaseScriptingObjects (1ms)
		CreateAndSetChildDomain (63ms)
	RebuildCommonClasses (48ms)
	RebuildNativeTypeToScriptingClass (15ms)
	initialDomainReloadingComplete (35ms)
	LoadAllAssembliesAndSetupDomain (1689ms)
		LoadAssemblies (1338ms)
		RebuildTransferFunctionScriptingTraits (0ms)
		AnalyzeDomain (467ms)
			TypeCache.Refresh (41ms)
				TypeCache.ScanAssembly (0ms)
			BuildScriptInfoCaches (367ms)
			ResolveRequiredComponents (21ms)
	FinalizeReload (1423ms)
		ReleaseScriptCaches (0ms)
		RebuildScriptCaches (0ms)
		SetupLoadedEditorAssemblies (1160ms)
			LogAssemblyErrors (0ms)
			InitializePlatformSupportModulesInManaged (2ms)
			SetLoadedEditorAssemblies (10ms)
			BeforeProcessingInitializeOnLoad (189ms)
			ProcessInitializeOnLoadAttributes (852ms)
			ProcessInitializeOnLoadMethodAttributes (104ms)
			AfterProcessingInitializeOnLoad (2ms)
			EditorAssembliesLoaded (1ms)
		ExecutionOrderSort2 (0ms)
		AwakeInstancesAfterBackupRestoration (24ms)
Refreshing native plugins compatible for Editor in 1.52 ms, found 4 plugins.
Preloading 0 native plugins for Editor in 0.00 ms.
Unloading 12 Unused Serialized files (Serialized files now loaded: 0)
Unloading 6772 unused Assets / (6.4 MB). Loaded Objects now: 7852.
Memory consumption went from 185.8 MB to 179.3 MB.
Total: 32.616300 ms (FindLiveObjects: 13.300200 ms CreateObjectMapping: 1.210200 ms MarkObjects: 8.888800 ms  DeleteObjects: 9.212700 ms)

Prepare: number of updated asset objects reloaded= 0
========================================================================
Received Prepare
Begin MonoManager ReloadAssembly
- Loaded All Assemblies, in  5.012 seconds
Refreshing native plugins compatible for Editor in 2.95 ms, found 4 plugins.
Native extension for WindowsStandalone target not found
Mono: successfully reloaded assembly
- Finished resetting the current domain, in  1.807 seconds
Domain Reload Profiling: 6907ms
	BeginReloadAssembly (1828ms)
		ExecutionOrderSort (3ms)
		DisableScriptedObjects (366ms)
		BackupInstance (0ms)
		ReleaseScriptingObjects (4ms)
		CreateAndSetChildDomain (716ms)
	RebuildCommonClasses (78ms)
	RebuildNativeTypeToScriptingClass (19ms)
	initialDomainReloadingComplete (95ms)
	LoadAllAssembliesAndSetupDomain (3078ms)
		LoadAssemblies (1823ms)
		RebuildTransferFunctionScriptingTraits (0ms)
		AnalyzeDomain (1489ms)
			TypeCache.Refresh (66ms)
				TypeCache.ScanAssembly (0ms)
			BuildScriptInfoCaches (1321ms)
			ResolveRequiredComponents (30ms)
	FinalizeReload (1809ms)
		ReleaseScriptCaches (0ms)
		RebuildScriptCaches (0ms)
		SetupLoadedEditorAssemblies (1481ms)
			LogAssemblyErrors (0ms)
			InitializePlatformSupportModulesInManaged (3ms)
			SetLoadedEditorAssemblies (14ms)
			BeforeProcessingInitializeOnLoad (223ms)
			ProcessInitializeOnLoadAttributes (1111ms)
			ProcessInitializeOnLoadMethodAttributes (125ms)
			AfterProcessingInitializeOnLoad (4ms)
			EditorAssembliesLoaded (2ms)
		ExecutionOrderSort2 (0ms)
		AwakeInstancesAfterBackupRestoration (26ms)
Refreshing native plugins compatible for Editor in 2.49 ms, found 4 plugins.
Preloading 0 native plugins for Editor in 0.00 ms.
Unloading 12 Unused Serialized files (Serialized files now loaded: 0)
Unloading 6772 unused Assets / (4.8 MB). Loaded Objects now: 7855.
Memory consumption went from 188.0 MB to 183.2 MB.
Total: 18.883000 ms (FindLiveObjects: 2.617800 ms CreateObjectMapping: 1.284100 ms MarkObjects: 8.977600 ms  DeleteObjects: 6.000100 ms)

Prepare: number of updated asset objects reloaded= 0
========================================================================
Received Prepare
Begin MonoManager ReloadAssembly
- Loaded All Assemblies, in  3.611 seconds
Refreshing native plugins compatible for Editor in 2.06 ms, found 4 plugins.
Native extension for WindowsStandalone target not found
Mono: successfully reloaded assembly
- Finished resetting the current domain, in  1.328 seconds
Domain Reload Profiling: 4990ms
	BeginReloadAssembly (1340ms)
		ExecutionOrderSort (1ms)
		DisableScriptedObjects (61ms)
		BackupInstance (0ms)
		ReleaseScriptingObjects (3ms)
		CreateAndSetChildDomain (399ms)
	RebuildCommonClasses (86ms)
	RebuildNativeTypeToScriptingClass (17ms)
	initialDomainReloadingComplete (86ms)
	LoadAllAssembliesAndSetupDomain (2131ms)
		LoadAssemblies (1960ms)
		RebuildTransferFunctionScriptingTraits (0ms)
		AnalyzeDomain (815ms)
			TypeCache.Refresh (50ms)
				TypeCache.ScanAssembly (0ms)
			BuildScriptInfoCaches (695ms)
			ResolveRequiredComponents (29ms)
	FinalizeReload (1330ms)
		ReleaseScriptCaches (0ms)
		RebuildScriptCaches (0ms)
		SetupLoadedEditorAssemblies (1069ms)
			LogAssemblyErrors (0ms)
			InitializePlatformSupportModulesInManaged (4ms)
			SetLoadedEditorAssemblies (10ms)
			BeforeProcessingInitializeOnLoad (197ms)
			ProcessInitializeOnLoadAttributes (752ms)
			ProcessInitializeOnLoadMethodAttributes (103ms)
			AfterProcessingInitializeOnLoad (2ms)
			EditorAssembliesLoaded (1ms)
		ExecutionOrderSort2 (0ms)
		AwakeInstancesAfterBackupRestoration (22ms)
Refreshing native plugins compatible for Editor in 2.02 ms, found 4 plugins.
Preloading 0 native plugins for Editor in 0.00 ms.
Unloading 12 Unused Serialized files (Serialized files now loaded: 0)
Unloading 6772 unused Assets / (5.2 MB). Loaded Objects now: 7858.
Memory consumption went from 190.3 MB to 185.0 MB.
Total: 15.823900 ms (FindLiveObjects: 1.653200 ms CreateObjectMapping: 1.198500 ms MarkObjects: 7.865000 ms  DeleteObjects: 5.103400 ms)

Prepare: number of updated asset objects reloaded= 0
========================================================================
Received Prepare
Begin MonoManager ReloadAssembly
- Loaded All Assemblies, in  4.517 seconds
Refreshing native plugins compatible for Editor in 1.33 ms, found 4 plugins.
Native extension for WindowsStandalone target not found
Mono: successfully reloaded assembly
- Finished resetting the current domain, in  1.359 seconds
Domain Reload Profiling: 5891ms
	BeginReloadAssembly (1848ms)
		ExecutionOrderSort (3ms)
		DisableScriptedObjects (260ms)
		BackupInstance (0ms)
		ReleaseScriptingObjects (5ms)
		CreateAndSetChildDomain (806ms)
	RebuildCommonClasses (64ms)
	RebuildNativeTypeToScriptingClass (17ms)
	initialDomainReloadingComplete (76ms)
	LoadAllAssembliesAndSetupDomain (2526ms)
		LoadAssemblies (2190ms)
		RebuildTransferFunctionScriptingTraits (0ms)
		AnalyzeDomain (706ms)
			TypeCache.Refresh (75ms)
				TypeCache.ScanAssembly (0ms)
			BuildScriptInfoCaches (565ms)
			ResolveRequiredComponents (23ms)
	FinalizeReload (1360ms)
		ReleaseScriptCaches (0ms)
		RebuildScriptCaches (0ms)
		SetupLoadedEditorAssemblies (1119ms)
			LogAssemblyErrors (0ms)
			InitializePlatformSupportModulesInManaged (3ms)
			SetLoadedEditorAssemblies (11ms)
			BeforeProcessingInitializeOnLoad (208ms)
			ProcessInitializeOnLoadAttributes (772ms)
			ProcessInitializeOnLoadMethodAttributes (121ms)
			AfterProcessingInitializeOnLoad (2ms)
			EditorAssembliesLoaded (1ms)
		ExecutionOrderSort2 (0ms)
		AwakeInstancesAfterBackupRestoration (19ms)
Refreshing native plugins compatible for Editor in 2.66 ms, found 4 plugins.
Preloading 0 native plugins for Editor in 0.00 ms.
Unloading 12 Unused Serialized files (Serialized files now loaded: 0)
Unloading 6772 unused Assets / (5.9 MB). Loaded Objects now: 7861.
Memory consumption went from 192.5 MB to 186.6 MB.
Total: 17.517400 ms (FindLiveObjects: 1.107000 ms CreateObjectMapping: 0.923300 ms MarkObjects: 9.604400 ms  DeleteObjects: 5.878900 ms)

Prepare: number of updated asset objects reloaded= 0
