Using pre-set license
Built from '6000.1/staging' branch; Version is '6000.1.11f1 (9b156bbbd4df) revision 10163563'; Using compiler version '194234433'; Build Type 'Release'
OS: 'Windows 10  (10.0.19045) 64bit Professional' Language: 'en' Physical Memory: 7530 MB
BatchMode: 1, IsHumanControllingUs: 0, StartBugReporterOnCrash: 0, Is64bit: 1, IsPro: 1
Date: 2026-02-15T08:08:02Z

COMMAND LINE ARGUMENTS:
F:\pj\6000.1.11f1\Editor\Unity.exe
-adb2
-batchMode
-noUpm
-name
AssetImportWorker4
-projectPath
F:/ใส่เสียง3ด่านที่อัพให้เฟิน/the secret cookbook of siam
-logFile
Logs/AssetImportWorker4.log
-srvPort
61363
-job-worker-count
5
-background-job-worker-count
8
-gc-helper-count
1
-name
AssetImport
Successfully changed project path to: F:/ใส่เสียง3ด่านที่อัพให้เฟิน/the secret cookbook of siam
F:/ใส่เสียง3ด่านที่อัพให้เฟิน/the secret cookbook of siam
[UnityMemory] Configuration Parameters - Can be set up in boot.config
    "memorysetup-allocator-temp-initial-block-size-main=262144"
    "memorysetup-allocator-temp-initial-block-size-worker=262144"
    "memorysetup-bucket-allocator-granularity=16"
    "memorysetup-bucket-allocator-bucket-count=8"
    "memorysetup-bucket-allocator-block-size=33554432"
    "memorysetup-bucket-allocator-block-count=8"
    "memorysetup-main-allocator-block-size=16777216"
    "memorysetup-thread-allocator-block-size=16777216"
    "memorysetup-gfx-main-allocator-block-size=16777216"
    "memorysetup-gfx-thread-allocator-block-size=16777216"
    "memorysetup-cache-allocator-block-size=4194304"
    "memorysetup-typetree-allocator-block-size=2097152"
    "memorysetup-profiler-bucket-allocator-granularity=16"
    "memorysetup-profiler-bucket-allocator-bucket-count=8"
    "memorysetup-profiler-bucket-allocator-block-size=33554432"
    "memorysetup-profiler-bucket-allocator-block-count=8"
    "memorysetup-profiler-allocator-block-size=16777216"
    "memorysetup-profiler-editor-allocator-block-size=1048576"
    "memorysetup-temp-allocator-size-main=16777216"
    "memorysetup-job-temp-allocator-block-size=2097152"
    "memorysetup-job-temp-allocator-block-size-background=1048576"
    "memorysetup-job-temp-allocator-reduction-small-platforms=262144"
    "memorysetup-temp-allocator-size-background-worker=32768"
    "memorysetup-temp-allocator-size-job-worker=262144"
    "memorysetup-temp-allocator-size-preload-manager=33554432"
    "memorysetup-temp-allocator-size-nav-mesh-worker=65536"
    "memorysetup-temp-allocator-size-audio-worker=65536"
    "memorysetup-temp-allocator-size-cloud-worker=32768"
    "memorysetup-temp-allocator-size-gi-baking-worker=262144"
    "memorysetup-temp-allocator-size-gi-baking-worker=262144"
    "memorysetup-temp-allocator-size-gi-baking-worker=262144"
    "memorysetup-temp-allocator-size-gi-baking-worker=262144"
    "memorysetup-temp-allocator-size-gi-baking-worker=262144"
    "memorysetup-temp-allocator-size-gfx=262144"
Player connection [36356]  Target information:

Player connection [36356]  * "[IP] 172.29.32.1 [Port] 0 [Flags] 2 [Guid] 1915993965 [EditorId] 1915993965 [Version] 1048832 [Id] WindowsEditor(7,RAZER-20230304U) [Debug] 1 [PackageName] WindowsEditor [ProjectName] Editor" 

Player connection [36356]  * "[IP] 169.254.120.56 [Port] 0 [Flags] 2 [Guid] 1915993965 [EditorId] 1915993965 [Version] 1048832 [Id] WindowsEditor(7,RAZER-20230304U) [Debug] 1 [PackageName] WindowsEditor [ProjectName] Editor" 

Player connection [36356] Host joined multi-casting on [225.0.0.222:54997]...
Player connection [36356] Host joined alternative multi-casting on [225.0.0.222:34997]...
JobSystem: Creating JobQueue using job-worker-count value 5
Input System module state changed to: Initialized.
[Physics::Module] Initialized fallback backend.
[Physics::Module] Id: 0xdecafbad
Library Redirect Path: Library/
[Physics::Module] Selected backend.
[Physics::Module] Name: PhysX
[Physics::Module] Id: 0xf2b8ea05
[Physics::Module] SDK Version: 4.1.2
[Physics::Module] Integration Version: 1.0.0
[Physics::Module] Threading Mode: Multi-Threaded
Refreshing native plugins compatible for Editor in 14.92 ms, found 4 plugins.
Preloading 0 native plugins for Editor in 0.00 ms.
Initialize engine version: 6000.1.11f1 (9b156bbbd4df)
[Subsystems] Discovering subsystems at path F:/pj/6000.1.11f1/Editor/Data/Resources/UnitySubsystems
[Subsystems] Discovering subsystems at path F:/ใส่เสียง3ด่านที่อัพให้เฟิน/the secret cookbook of siam/Assets
GfxDevice: creating device client; kGfxThreadingModeNonThreaded
Direct3D:
    Version:         Direct3D 12 [level 12.1]
    Renderer:        AMD Radeon(TM) Graphics (ID=0x164c)
    Vendor:          ATI
    VRAM:            3765 MB
    App VRAM Budget: 3835 MB
    Driver:          27.20.21030.8001
    Unified Memory Architecture
Initialize mono
Mono path[0] = 'F:/pj/6000.1.11f1/Editor/Data/Managed'
Mono path[1] = 'F:/pj/6000.1.11f1/Editor/Data/MonoBleedingEdge/lib/mono/unityjit-win32'
Mono config path = 'F:/pj/6000.1.11f1/Editor/Data/MonoBleedingEdge/etc'
Using monoOptions --debugger-agent=transport=dt_socket,embedding=1,server=y,suspend=n,address=127.0.0.1:56996
Begin MonoManager ReloadAssembly
Registering precompiled unity dll's ...
Register platform support module: F:/pj/6000.1.11f1/Editor/Data/PlaybackEngines/WindowsStandaloneSupport/UnityEditor.WindowsStandalone.Extensions.dll
Registered in 0.010069 seconds.
- Loaded All Assemblies, in  0.976 seconds
Native extension for WindowsStandalone target not found
Mono: successfully reloaded assembly
- Finished resetting the current domain, in  0.863 seconds
Domain Reload Profiling: 1838ms
	BeginReloadAssembly (417ms)
		ExecutionOrderSort (0ms)
		DisableScriptedObjects (0ms)
		BackupInstance (0ms)
		ReleaseScriptingObjects (0ms)
		CreateAndSetChildDomain (2ms)
	RebuildCommonClasses (84ms)
	RebuildNativeTypeToScriptingClass (26ms)
	initialDomainReloadingComplete (101ms)
	LoadAllAssembliesAndSetupDomain (346ms)
		LoadAssemblies (415ms)
		RebuildTransferFunctionScriptingTraits (0ms)
		AnalyzeDomain (339ms)
			TypeCache.Refresh (336ms)
				TypeCache.ScanAssembly (296ms)
			BuildScriptInfoCaches (0ms)
			ResolveRequiredComponents (2ms)
	FinalizeReload (864ms)
		ReleaseScriptCaches (0ms)
		RebuildScriptCaches (0ms)
		SetupLoadedEditorAssemblies (757ms)
			LogAssemblyErrors (0ms)
			InitializePlatformSupportModulesInManaged (118ms)
			SetLoadedEditorAssemblies (9ms)
			BeforeProcessingInitializeOnLoad (151ms)
			ProcessInitializeOnLoadAttributes (335ms)
			ProcessInitializeOnLoadMethodAttributes (144ms)
			AfterProcessingInitializeOnLoad (0ms)
			EditorAssembliesLoaded (0ms)
		ExecutionOrderSort2 (0ms)
		AwakeInstancesAfterBackupRestoration (0ms)
========================================================================
Worker process is ready to serve import requests
Import Worker Mode flag is 0x00
Begin MonoManager ReloadAssembly
- Loaded All Assemblies, in  2.098 seconds
Refreshing native plugins compatible for Editor in 2.32 ms, found 4 plugins.
Native extension for WindowsStandalone target not found
Mono: successfully reloaded assembly
- Finished resetting the current domain, in  2.155 seconds
Domain Reload Profiling: 4251ms
	BeginReloadAssembly (345ms)
		ExecutionOrderSort (0ms)
		DisableScriptedObjects (13ms)
		BackupInstance (0ms)
		ReleaseScriptingObjects (0ms)
		CreateAndSetChildDomain (52ms)
	RebuildCommonClasses (76ms)
	RebuildNativeTypeToScriptingClass (26ms)
	initialDomainReloadingComplete (73ms)
	LoadAllAssembliesAndSetupDomain (1575ms)
		LoadAssemblies (1021ms)
		RebuildTransferFunctionScriptingTraits (0ms)
		AnalyzeDomain (752ms)
			TypeCache.Refresh (569ms)
				TypeCache.ScanAssembly (539ms)
			BuildScriptInfoCaches (148ms)
			ResolveRequiredComponents (29ms)
	FinalizeReload (2156ms)
		ReleaseScriptCaches (0ms)
		RebuildScriptCaches (0ms)
		SetupLoadedEditorAssemblies (1845ms)
			LogAssemblyErrors (0ms)
			InitializePlatformSupportModulesInManaged (3ms)
			SetLoadedEditorAssemblies (10ms)
			BeforeProcessingInitializeOnLoad (279ms)
			ProcessInitializeOnLoadAttributes (1299ms)
			ProcessInitializeOnLoadMethodAttributes (251ms)
			AfterProcessingInitializeOnLoad (4ms)
			EditorAssembliesLoaded (1ms)
		ExecutionOrderSort2 (0ms)
		AwakeInstancesAfterBackupRestoration (12ms)
Launched and connected shader compiler UnityShaderCompiler.exe after 0.03 seconds
Refreshing native plugins compatible for Editor in 3.18 ms, found 4 plugins.
Preloading 0 native plugins for Editor in 0.00 ms.
Unloading 231 Unused Serialized files (Serialized files now loaded: 0)
Unloading 6774 unused Assets / (4.7 MB). Loaded Objects now: 7507.
Memory consumption went from 177.7 MB to 173.0 MB.
Total: 18.293900 ms (FindLiveObjects: 1.531200 ms CreateObjectMapping: 1.594400 ms MarkObjects: 10.479700 ms  DeleteObjects: 4.684600 ms)

========================================================================
Received Prepare
Begin MonoManager ReloadAssembly
- Loaded All Assemblies, in  1.638 seconds
Refreshing native plugins compatible for Editor in 6.33 ms, found 4 plugins.
Native extension for WindowsStandalone target not found
Mono: successfully reloaded assembly
- Finished resetting the current domain, in  2.470 seconds
Domain Reload Profiling: 4112ms
	BeginReloadAssembly (475ms)
		ExecutionOrderSort (0ms)
		DisableScriptedObjects (30ms)
		BackupInstance (0ms)
		ReleaseScriptingObjects (0ms)
		CreateAndSetChildDomain (99ms)
	RebuildCommonClasses (75ms)
	RebuildNativeTypeToScriptingClass (28ms)
	initialDomainReloadingComplete (48ms)
	LoadAllAssembliesAndSetupDomain (1016ms)
		LoadAssemblies (737ms)
		RebuildTransferFunctionScriptingTraits (0ms)
		AnalyzeDomain (479ms)
			TypeCache.Refresh (12ms)
				TypeCache.ScanAssembly (0ms)
			BuildScriptInfoCaches (427ms)
			ResolveRequiredComponents (32ms)
	FinalizeReload (2471ms)
		ReleaseScriptCaches (0ms)
		RebuildScriptCaches (0ms)
		SetupLoadedEditorAssemblies (2073ms)
			LogAssemblyErrors (0ms)
			InitializePlatformSupportModulesInManaged (6ms)
			SetLoadedEditorAssemblies (14ms)
			BeforeProcessingInitializeOnLoad (333ms)
			ProcessInitializeOnLoadAttributes (1506ms)
			ProcessInitializeOnLoadMethodAttributes (208ms)
			AfterProcessingInitializeOnLoad (5ms)
			EditorAssembliesLoaded (1ms)
		ExecutionOrderSort2 (0ms)
		AwakeInstancesAfterBackupRestoration (34ms)
Refreshing native plugins compatible for Editor in 2.79 ms, found 4 plugins.
Preloading 0 native plugins for Editor in 0.00 ms.
Unloading 12 Unused Serialized files (Serialized files now loaded: 0)
Unloading 6772 unused Assets / (4.6 MB). Loaded Objects now: 7511.
Memory consumption went from 144.5 MB to 140.0 MB.
Total: 20.211300 ms (FindLiveObjects: 1.598800 ms CreateObjectMapping: 1.885700 ms MarkObjects: 11.652800 ms  DeleteObjects: 5.070600 ms)

Prepare: number of updated asset objects reloaded= 0
========================================================================
Received Import Request.
  Time since last request: 281396.946631 seconds.
  path: Assets/Scenes/CookingStage.unity
  artifactKey: Guid(5d2f5e17734aef6418522f7217b32f85) Importer(815301076,1909f56bfc062723c751e8b465ee728b)
Start importing Assets/Scenes/CookingStage.unity using Guid(5d2f5e17734aef6418522f7217b32f85) Importer(815301076,1909f56bfc062723c751e8b465ee728b) (PreviewImporter) -> (artifact id: 'a7fd6f7f729345ae9d26b026470dbc99') in 0.0298973 seconds
Number of updated asset objects reloaded before import = 0Number of asset objects unloaded after import = 0

========================================================================
Received Prepare
Begin MonoManager ReloadAssembly
- Loaded All Assemblies, in  1.814 seconds
Refreshing native plugins compatible for Editor in 2.26 ms, found 4 plugins.
Native extension for WindowsStandalone target not found
Mono: successfully reloaded assembly
- Finished resetting the current domain, in  1.889 seconds
Domain Reload Profiling: 3708ms
	BeginReloadAssembly (498ms)
		ExecutionOrderSort (0ms)
		DisableScriptedObjects (35ms)
		BackupInstance (0ms)
		ReleaseScriptingObjects (0ms)
		CreateAndSetChildDomain (159ms)
	RebuildCommonClasses (79ms)
	RebuildNativeTypeToScriptingClass (28ms)
	initialDomainReloadingComplete (55ms)
	LoadAllAssembliesAndSetupDomain (1158ms)
		LoadAssemblies (897ms)
		RebuildTransferFunctionScriptingTraits (0ms)
		AnalyzeDomain (459ms)
			TypeCache.Refresh (12ms)
				TypeCache.ScanAssembly (0ms)
			BuildScriptInfoCaches (416ms)
			ResolveRequiredComponents (25ms)
	FinalizeReload (1890ms)
		ReleaseScriptCaches (0ms)
		RebuildScriptCaches (0ms)
		SetupLoadedEditorAssemblies (1560ms)
			LogAssemblyErrors (0ms)
			InitializePlatformSupportModulesInManaged (3ms)
			SetLoadedEditorAssemblies (10ms)
			BeforeProcessingInitializeOnLoad (301ms)
			ProcessInitializeOnLoadAttributes (1105ms)
			ProcessInitializeOnLoadMethodAttributes (136ms)
			AfterProcessingInitializeOnLoad (4ms)
			EditorAssembliesLoaded (1ms)
		ExecutionOrderSort2 (0ms)
		AwakeInstancesAfterBackupRestoration (28ms)
Refreshing native plugins compatible for Editor in 2.57 ms, found 4 plugins.
Preloading 0 native plugins for Editor in 0.00 ms.
Unloading 12 Unused Serialized files (Serialized files now loaded: 0)
Unloading 6772 unused Assets / (4.7 MB). Loaded Objects now: 7516.
Memory consumption went from 145.1 MB to 140.4 MB.
Total: 21.936600 ms (FindLiveObjects: 2.167200 ms CreateObjectMapping: 2.073400 ms MarkObjects: 11.978200 ms  DeleteObjects: 5.714100 ms)

Prepare: number of updated asset objects reloaded= 0
========================================================================
Received Import Request.
  Time since last request: 78.850299 seconds.
  path: Assets/Scenes/KHONKAEN_SCENE/KitchenScene.unity
  artifactKey: Guid(3c5ce2fb73c722d42a29344ac02c06e4) Importer(815301076,1909f56bfc062723c751e8b465ee728b)
Start importing Assets/Scenes/KHONKAEN_SCENE/KitchenScene.unity using Guid(3c5ce2fb73c722d42a29344ac02c06e4) Importer(815301076,1909f56bfc062723c751e8b465ee728b) (PreviewImporter) -> (artifact id: '62b7d8cdd744156ace5045b27c31edc7') in 0.0033196 seconds
Number of updated asset objects reloaded before import = 0Number of asset objects unloaded after import = 0

========================================================================
Received Prepare
Begin MonoManager ReloadAssembly
- Loaded All Assemblies, in  1.483 seconds
Refreshing native plugins compatible for Editor in 2.29 ms, found 4 plugins.
Native extension for WindowsStandalone target not found
Mono: successfully reloaded assembly
- Finished resetting the current domain, in  1.912 seconds
Domain Reload Profiling: 3399ms
	BeginReloadAssembly (408ms)
		ExecutionOrderSort (0ms)
		DisableScriptedObjects (29ms)
		BackupInstance (0ms)
		ReleaseScriptingObjects (0ms)
		CreateAndSetChildDomain (88ms)
	RebuildCommonClasses (82ms)
	RebuildNativeTypeToScriptingClass (28ms)
	initialDomainReloadingComplete (48ms)
	LoadAllAssembliesAndSetupDomain (919ms)
		LoadAssemblies (667ms)
		RebuildTransferFunctionScriptingTraits (0ms)
		AnalyzeDomain (450ms)
			TypeCache.Refresh (12ms)
				TypeCache.ScanAssembly (0ms)
			BuildScriptInfoCaches (409ms)
			ResolveRequiredComponents (24ms)
	FinalizeReload (1913ms)
		ReleaseScriptCaches (0ms)
		RebuildScriptCaches (0ms)
		SetupLoadedEditorAssemblies (1559ms)
			LogAssemblyErrors (0ms)
			InitializePlatformSupportModulesInManaged (4ms)
			SetLoadedEditorAssemblies (10ms)
			BeforeProcessingInitializeOnLoad (273ms)
			ProcessInitializeOnLoadAttributes (1111ms)
			ProcessInitializeOnLoadMethodAttributes (156ms)
			AfterProcessingInitializeOnLoad (4ms)
			EditorAssembliesLoaded (1ms)
		ExecutionOrderSort2 (0ms)
		AwakeInstancesAfterBackupRestoration (38ms)
Refreshing native plugins compatible for Editor in 2.82 ms, found 4 plugins.
Preloading 0 native plugins for Editor in 0.00 ms.
Unloading 12 Unused Serialized files (Serialized files now loaded: 0)
Unloading 6772 unused Assets / (4.8 MB). Loaded Objects now: 7519.
Memory consumption went from 145.2 MB to 140.3 MB.
Total: 24.079500 ms (FindLiveObjects: 1.983900 ms CreateObjectMapping: 2.300400 ms MarkObjects: 12.907700 ms  DeleteObjects: 6.883100 ms)

Prepare: number of updated asset objects reloaded= 0
========================================================================
Received Import Request.
  Time since last request: 149.238658 seconds.
  path: Assets/Scenes/KHONKAEN_SCENE/PumpkinGardenScene.unity
  artifactKey: Guid(abd158daa6643d246b2951234ad8e8af) Importer(815301076,1909f56bfc062723c751e8b465ee728b)
Start importing Assets/Scenes/KHONKAEN_SCENE/PumpkinGardenScene.unity using Guid(abd158daa6643d246b2951234ad8e8af) Importer(815301076,1909f56bfc062723c751e8b465ee728b) (PreviewImporter) -> (artifact id: 'de939415d46961e62cd99718af7674dd') in 0.0053001 seconds
Number of updated asset objects reloaded before import = 0Number of asset objects unloaded after import = 0

========================================================================
Received Prepare
Begin MonoManager ReloadAssembly
- Loaded All Assemblies, in  1.465 seconds
Refreshing native plugins compatible for Editor in 2.33 ms, found 4 plugins.
Native extension for WindowsStandalone target not found
Mono: successfully reloaded assembly
- Finished resetting the current domain, in  1.844 seconds
Domain Reload Profiling: 3313ms
	BeginReloadAssembly (392ms)
		ExecutionOrderSort (0ms)
		DisableScriptedObjects (29ms)
		BackupInstance (0ms)
		ReleaseScriptingObjects (0ms)
		CreateAndSetChildDomain (86ms)
	RebuildCommonClasses (72ms)
	RebuildNativeTypeToScriptingClass (27ms)
	initialDomainReloadingComplete (46ms)
	LoadAllAssembliesAndSetupDomain (932ms)
		LoadAssemblies (656ms)
		RebuildTransferFunctionScriptingTraits (0ms)
		AnalyzeDomain (461ms)
			TypeCache.Refresh (11ms)
				TypeCache.ScanAssembly (0ms)
			BuildScriptInfoCaches (419ms)
			ResolveRequiredComponents (25ms)
	FinalizeReload (1845ms)
		ReleaseScriptCaches (0ms)
		RebuildScriptCaches (0ms)
		SetupLoadedEditorAssemblies (1522ms)
			LogAssemblyErrors (0ms)
			InitializePlatformSupportModulesInManaged (3ms)
			SetLoadedEditorAssemblies (10ms)
			BeforeProcessingInitializeOnLoad (273ms)
			ProcessInitializeOnLoadAttributes (1102ms)
			ProcessInitializeOnLoadMethodAttributes (130ms)
			AfterProcessingInitializeOnLoad (4ms)
			EditorAssembliesLoaded (1ms)
		ExecutionOrderSort2 (0ms)
		AwakeInstancesAfterBackupRestoration (26ms)
Refreshing native plugins compatible for Editor in 3.92 ms, found 4 plugins.
Preloading 0 native plugins for Editor in 0.00 ms.
Unloading 12 Unused Serialized files (Serialized files now loaded: 0)
Unloading 6772 unused Assets / (4.4 MB). Loaded Objects now: 7522.
Memory consumption went from 145.2 MB to 140.8 MB.
Total: 28.483400 ms (FindLiveObjects: 2.579600 ms CreateObjectMapping: 2.516000 ms MarkObjects: 16.534200 ms  DeleteObjects: 6.850200 ms)

Prepare: number of updated asset objects reloaded= 0
========================================================================
Received Import Request.
  Time since last request: 46.400750 seconds.
  path: Assets/Scenes/KHONKAEN_SCENE/TutorialScene.unity
  artifactKey: Guid(8c9cfa26abfee488c85f1582747f6a02) Importer(815301076,1909f56bfc062723c751e8b465ee728b)
Start importing Assets/Scenes/KHONKAEN_SCENE/TutorialScene.unity using Guid(8c9cfa26abfee488c85f1582747f6a02) Importer(815301076,1909f56bfc062723c751e8b465ee728b) (PreviewImporter) -> (artifact id: '0cb8ad024132d2b6a5d17ad8be6dfb67') in 0.0035504 seconds
Number of updated asset objects reloaded before import = 0Number of asset objects unloaded after import = 0

========================================================================
Received Import Request.
  Time since last request: 28.447541 seconds.
  path: Assets/Scenes/KHONKAEN_SCENE
  artifactKey: Guid(f79730172ac939a43bdd7befb8620f70) Importer(815301076,1909f56bfc062723c751e8b465ee728b)
Start importing Assets/Scenes/KHONKAEN_SCENE using Guid(f79730172ac939a43bdd7befb8620f70) Importer(815301076,1909f56bfc062723c751e8b465ee728b) (PreviewImporter) -> (artifact id: '4902c2010e37a44e670de92108bec87c') in 0.0010898 seconds
Number of updated asset objects reloaded before import = 0Number of asset objects unloaded after import = 0

========================================================================
Received Prepare
Begin MonoManager ReloadAssembly
- Loaded All Assemblies, in  1.462 seconds
Refreshing native plugins compatible for Editor in 2.52 ms, found 4 plugins.
Native extension for WindowsStandalone target not found
Mono: successfully reloaded assembly
- Finished resetting the current domain, in  1.883 seconds
Domain Reload Profiling: 3349ms
	BeginReloadAssembly (406ms)
		ExecutionOrderSort (0ms)
		DisableScriptedObjects (29ms)
		BackupInstance (0ms)
		ReleaseScriptingObjects (0ms)
		CreateAndSetChildDomain (88ms)
	RebuildCommonClasses (75ms)
	RebuildNativeTypeToScriptingClass (28ms)
	initialDomainReloadingComplete (47ms)
	LoadAllAssembliesAndSetupDomain (908ms)
		LoadAssemblies (668ms)
		RebuildTransferFunctionScriptingTraits (0ms)
		AnalyzeDomain (436ms)
			TypeCache.Refresh (12ms)
				TypeCache.ScanAssembly (0ms)
			BuildScriptInfoCaches (394ms)
			ResolveRequiredComponents (25ms)
	FinalizeReload (1884ms)
		ReleaseScriptCaches (0ms)
		RebuildScriptCaches (0ms)
		SetupLoadedEditorAssemblies (1557ms)
			LogAssemblyErrors (0ms)
			InitializePlatformSupportModulesInManaged (3ms)
			SetLoadedEditorAssemblies (10ms)
			BeforeProcessingInitializeOnLoad (287ms)
			ProcessInitializeOnLoadAttributes (1099ms)
			ProcessInitializeOnLoadMethodAttributes (153ms)
			AfterProcessingInitializeOnLoad (4ms)
			EditorAssembliesLoaded (1ms)
		ExecutionOrderSort2 (0ms)
		AwakeInstancesAfterBackupRestoration (34ms)
Refreshing native plugins compatible for Editor in 2.85 ms, found 4 plugins.
Preloading 0 native plugins for Editor in 0.00 ms.
Unloading 12 Unused Serialized files (Serialized files now loaded: 0)
Unloading 6772 unused Assets / (4.8 MB). Loaded Objects now: 7525.
Memory consumption went from 145.2 MB to 140.4 MB.
Total: 23.917800 ms (FindLiveObjects: 1.527400 ms CreateObjectMapping: 2.534100 ms MarkObjects: 13.350700 ms  DeleteObjects: 6.502800 ms)

Prepare: number of updated asset objects reloaded= 0
========================================================================
Received Prepare
Begin MonoManager ReloadAssembly
- Loaded All Assemblies, in  1.491 seconds
Refreshing native plugins compatible for Editor in 2.33 ms, found 4 plugins.
Native extension for WindowsStandalone target not found
Mono: successfully reloaded assembly
- Finished resetting the current domain, in  1.926 seconds
Domain Reload Profiling: 3421ms
	BeginReloadAssembly (418ms)
		ExecutionOrderSort (0ms)
		DisableScriptedObjects (30ms)
		BackupInstance (0ms)
		ReleaseScriptingObjects (0ms)
		CreateAndSetChildDomain (91ms)
	RebuildCommonClasses (74ms)
	RebuildNativeTypeToScriptingClass (27ms)
	initialDomainReloadingComplete (89ms)
	LoadAllAssembliesAndSetupDomain (886ms)
		LoadAssemblies (637ms)
		RebuildTransferFunctionScriptingTraits (0ms)
		AnalyzeDomain (451ms)
			TypeCache.Refresh (13ms)
				TypeCache.ScanAssembly (0ms)
			BuildScriptInfoCaches (407ms)
			ResolveRequiredComponents (26ms)
	FinalizeReload (1928ms)
		ReleaseScriptCaches (0ms)
		RebuildScriptCaches (0ms)
		SetupLoadedEditorAssemblies (1600ms)
			LogAssemblyErrors (0ms)
			InitializePlatformSupportModulesInManaged (3ms)
			SetLoadedEditorAssemblies (10ms)
			BeforeProcessingInitializeOnLoad (267ms)
			ProcessInitializeOnLoadAttributes (1168ms)
			ProcessInitializeOnLoadMethodAttributes (148ms)
			AfterProcessingInitializeOnLoad (4ms)
			EditorAssembliesLoaded (1ms)
		ExecutionOrderSort2 (0ms)
		AwakeInstancesAfterBackupRestoration (36ms)
Refreshing native plugins compatible for Editor in 2.38 ms, found 4 plugins.
Preloading 0 native plugins for Editor in 0.00 ms.
Unloading 12 Unused Serialized files (Serialized files now loaded: 0)
Unloading 6772 unused Assets / (4.5 MB). Loaded Objects now: 7528.
Memory consumption went from 147.5 MB to 143.0 MB.
Total: 22.415300 ms (FindLiveObjects: 2.507500 ms CreateObjectMapping: 2.371500 ms MarkObjects: 12.920800 ms  DeleteObjects: 4.611600 ms)

Prepare: number of updated asset objects reloaded= 0
========================================================================
Received Prepare
Begin MonoManager ReloadAssembly
- Loaded All Assemblies, in  1.452 seconds
Refreshing native plugins compatible for Editor in 2.32 ms, found 4 plugins.
Native extension for WindowsStandalone target not found
Mono: successfully reloaded assembly
- Finished resetting the current domain, in  1.895 seconds
Domain Reload Profiling: 3351ms
	BeginReloadAssembly (398ms)
		ExecutionOrderSort (0ms)
		DisableScriptedObjects (29ms)
		BackupInstance (0ms)
		ReleaseScriptingObjects (0ms)
		CreateAndSetChildDomain (94ms)
	RebuildCommonClasses (73ms)
	RebuildNativeTypeToScriptingClass (27ms)
	initialDomainReloadingComplete (45ms)
	LoadAllAssembliesAndSetupDomain (912ms)
		LoadAssemblies (641ms)
		RebuildTransferFunctionScriptingTraits (0ms)
		AnalyzeDomain (454ms)
			TypeCache.Refresh (12ms)
				TypeCache.ScanAssembly (0ms)
			BuildScriptInfoCaches (412ms)
			ResolveRequiredComponents (24ms)
	FinalizeReload (1896ms)
		ReleaseScriptCaches (0ms)
		RebuildScriptCaches (0ms)
		SetupLoadedEditorAssemblies (1566ms)
			LogAssemblyErrors (0ms)
			InitializePlatformSupportModulesInManaged (3ms)
			SetLoadedEditorAssemblies (9ms)
			BeforeProcessingInitializeOnLoad (318ms)
			ProcessInitializeOnLoadAttributes (1099ms)
			ProcessInitializeOnLoadMethodAttributes (133ms)
			AfterProcessingInitializeOnLoad (4ms)
			EditorAssembliesLoaded (1ms)
		ExecutionOrderSort2 (0ms)
		AwakeInstancesAfterBackupRestoration (29ms)
Refreshing native plugins compatible for Editor in 3.09 ms, found 4 plugins.
Preloading 0 native plugins for Editor in 0.00 ms.
Unloading 12 Unused Serialized files (Serialized files now loaded: 0)
Unloading 6772 unused Assets / (5.3 MB). Loaded Objects now: 7531.
Memory consumption went from 149.7 MB to 144.3 MB.
Total: 25.063700 ms (FindLiveObjects: 1.819000 ms CreateObjectMapping: 1.760800 ms MarkObjects: 11.877300 ms  DeleteObjects: 9.603500 ms)

Prepare: number of updated asset objects reloaded= 0
========================================================================
Received Prepare
Begin MonoManager ReloadAssembly
- Loaded All Assemblies, in  6.576 seconds
Refreshing native plugins compatible for Editor in 8.83 ms, found 4 plugins.
Native extension for WindowsStandalone target not found
Mono: successfully reloaded assembly
- Finished resetting the current domain, in  2.975 seconds
Domain Reload Profiling: 9586ms
	BeginReloadAssembly (2583ms)
		ExecutionOrderSort (0ms)
		DisableScriptedObjects (521ms)
		BackupInstance (0ms)
		ReleaseScriptingObjects (4ms)
		CreateAndSetChildDomain (1034ms)
	RebuildCommonClasses (170ms)
	RebuildNativeTypeToScriptingClass (37ms)
	initialDomainReloadingComplete (134ms)
	LoadAllAssembliesAndSetupDomain (3685ms)
		LoadAssemblies (2920ms)
		RebuildTransferFunctionScriptingTraits (0ms)
		AnalyzeDomain (1312ms)
			TypeCache.Refresh (81ms)
				TypeCache.ScanAssembly (0ms)
			BuildScriptInfoCaches (1149ms)
			ResolveRequiredComponents (40ms)
	FinalizeReload (2976ms)
		ReleaseScriptCaches (0ms)
		RebuildScriptCaches (0ms)
		SetupLoadedEditorAssemblies (2423ms)
			LogAssemblyErrors (0ms)
			InitializePlatformSupportModulesInManaged (8ms)
			SetLoadedEditorAssemblies (15ms)
			BeforeProcessingInitializeOnLoad (494ms)
			ProcessInitializeOnLoadAttributes (1599ms)
			ProcessInitializeOnLoadMethodAttributes (298ms)
			AfterProcessingInitializeOnLoad (7ms)
			EditorAssembliesLoaded (2ms)
		ExecutionOrderSort2 (0ms)
		AwakeInstancesAfterBackupRestoration (54ms)
Refreshing native plugins compatible for Editor in 3.89 ms, found 4 plugins.
Preloading 0 native plugins for Editor in 0.00 ms.
Unloading 12 Unused Serialized files (Serialized files now loaded: 0)
Unloading 6772 unused Assets / (4.9 MB). Loaded Objects now: 7534.
Memory consumption went from 153.8 MB to 148.9 MB.
Total: 24.869600 ms (FindLiveObjects: 2.129900 ms CreateObjectMapping: 1.655700 ms MarkObjects: 14.809300 ms  DeleteObjects: 5.964800 ms)

Prepare: number of updated asset objects reloaded= 0
========================================================================
Received Prepare
Begin MonoManager ReloadAssembly
- Loaded All Assemblies, in  2.582 seconds
Refreshing native plugins compatible for Editor in 5.20 ms, found 4 plugins.
Native extension for WindowsStandalone target not found
Mono: successfully reloaded assembly
- Finished resetting the current domain, in  2.222 seconds
Domain Reload Profiling: 4830ms
	BeginReloadAssembly (1118ms)
		ExecutionOrderSort (0ms)
		DisableScriptedObjects (199ms)
		BackupInstance (0ms)
		ReleaseScriptingObjects (5ms)
		CreateAndSetChildDomain (307ms)
	RebuildCommonClasses (88ms)
	RebuildNativeTypeToScriptingClass (30ms)
	initialDomainReloadingComplete (66ms)
	LoadAllAssembliesAndSetupDomain (1305ms)
		LoadAssemblies (940ms)
		RebuildTransferFunctionScriptingTraits (0ms)
		AnalyzeDomain (655ms)
			TypeCache.Refresh (34ms)
				TypeCache.ScanAssembly (0ms)
			BuildScriptInfoCaches (555ms)
			ResolveRequiredComponents (37ms)
	FinalizeReload (2223ms)
		ReleaseScriptCaches (0ms)
		RebuildScriptCaches (0ms)
		SetupLoadedEditorAssemblies (1836ms)
			LogAssemblyErrors (0ms)
			InitializePlatformSupportModulesInManaged (4ms)
			SetLoadedEditorAssemblies (10ms)
			BeforeProcessingInitializeOnLoad (323ms)
			ProcessInitializeOnLoadAttributes (1318ms)
			ProcessInitializeOnLoadMethodAttributes (176ms)
			AfterProcessingInitializeOnLoad (4ms)
			EditorAssembliesLoaded (1ms)
		ExecutionOrderSort2 (0ms)
		AwakeInstancesAfterBackupRestoration (37ms)
Refreshing native plugins compatible for Editor in 2.80 ms, found 4 plugins.
Preloading 0 native plugins for Editor in 0.00 ms.
Unloading 12 Unused Serialized files (Serialized files now loaded: 0)
Unloading 6772 unused Assets / (4.0 MB). Loaded Objects now: 7537.
Memory consumption went from 156.0 MB to 152.0 MB.
Total: 26.196700 ms (FindLiveObjects: 2.627600 ms CreateObjectMapping: 2.316400 ms MarkObjects: 14.766400 ms  DeleteObjects: 6.220300 ms)

Prepare: number of updated asset objects reloaded= 0
========================================================================
Received Prepare
Begin MonoManager ReloadAssembly
- Loaded All Assemblies, in  1.825 seconds
Refreshing native plugins compatible for Editor in 2.35 ms, found 4 plugins.
Native extension for WindowsStandalone target not found
Mono: successfully reloaded assembly
- Finished resetting the current domain, in  2.014 seconds
Domain Reload Profiling: 3844ms
	BeginReloadAssembly (457ms)
		ExecutionOrderSort (0ms)
		DisableScriptedObjects (32ms)
		BackupInstance (0ms)
		ReleaseScriptingObjects (1ms)
		CreateAndSetChildDomain (104ms)
	RebuildCommonClasses (79ms)
	RebuildNativeTypeToScriptingClass (29ms)
	initialDomainReloadingComplete (58ms)
	LoadAllAssembliesAndSetupDomain (1205ms)
		LoadAssemblies (940ms)
		RebuildTransferFunctionScriptingTraits (0ms)
		AnalyzeDomain (486ms)
			TypeCache.Refresh (14ms)
				TypeCache.ScanAssembly (0ms)
			BuildScriptInfoCaches (441ms)
			ResolveRequiredComponents (24ms)
	FinalizeReload (2015ms)
		ReleaseScriptCaches (0ms)
		RebuildScriptCaches (0ms)
		SetupLoadedEditorAssemblies (1677ms)
			LogAssemblyErrors (0ms)
			InitializePlatformSupportModulesInManaged (3ms)
			SetLoadedEditorAssemblies (13ms)
			BeforeProcessingInitializeOnLoad (281ms)
			ProcessInitializeOnLoadAttributes (1203ms)
			ProcessInitializeOnLoadMethodAttributes (172ms)
			AfterProcessingInitializeOnLoad (4ms)
			EditorAssembliesLoaded (1ms)
		ExecutionOrderSort2 (0ms)
		AwakeInstancesAfterBackupRestoration (32ms)
Refreshing native plugins compatible for Editor in 2.73 ms, found 4 plugins.
Preloading 0 native plugins for Editor in 0.00 ms.
Unloading 12 Unused Serialized files (Serialized files now loaded: 0)
Unloading 6772 unused Assets / (4.5 MB). Loaded Objects now: 7540.
Memory consumption went from 158.3 MB to 153.7 MB.
Total: 26.046400 ms (FindLiveObjects: 1.914200 ms CreateObjectMapping: 2.183900 ms MarkObjects: 14.219600 ms  DeleteObjects: 7.722800 ms)

Prepare: number of updated asset objects reloaded= 0
========================================================================
Received Prepare
Begin MonoManager ReloadAssembly
- Loaded All Assemblies, in  1.698 seconds
Refreshing native plugins compatible for Editor in 2.60 ms, found 4 plugins.
Native extension for WindowsStandalone target not found
Mono: successfully reloaded assembly
- Finished resetting the current domain, in  1.980 seconds
Domain Reload Profiling: 3682ms
	BeginReloadAssembly (454ms)
		ExecutionOrderSort (0ms)
		DisableScriptedObjects (31ms)
		BackupInstance (0ms)
		ReleaseScriptingObjects (0ms)
		CreateAndSetChildDomain (99ms)
	RebuildCommonClasses (84ms)
	RebuildNativeTypeToScriptingClass (28ms)
	initialDomainReloadingComplete (49ms)
	LoadAllAssembliesAndSetupDomain (1087ms)
		LoadAssemblies (856ms)
		RebuildTransferFunctionScriptingTraits (0ms)
		AnalyzeDomain (459ms)
			TypeCache.Refresh (14ms)
				TypeCache.ScanAssembly (0ms)
			BuildScriptInfoCaches (413ms)
			ResolveRequiredComponents (27ms)
	FinalizeReload (1981ms)
		ReleaseScriptCaches (0ms)
		RebuildScriptCaches (0ms)
		SetupLoadedEditorAssemblies (1638ms)
			LogAssemblyErrors (0ms)
			InitializePlatformSupportModulesInManaged (3ms)
			SetLoadedEditorAssemblies (12ms)
			BeforeProcessingInitializeOnLoad (292ms)
			ProcessInitializeOnLoadAttributes (1182ms)
			ProcessInitializeOnLoadMethodAttributes (143ms)
			AfterProcessingInitializeOnLoad (4ms)
			EditorAssembliesLoaded (1ms)
		ExecutionOrderSort2 (0ms)
		AwakeInstancesAfterBackupRestoration (40ms)
Refreshing native plugins compatible for Editor in 2.98 ms, found 4 plugins.
Preloading 0 native plugins for Editor in 0.00 ms.
Unloading 12 Unused Serialized files (Serialized files now loaded: 0)
Unloading 6772 unused Assets / (4.5 MB). Loaded Objects now: 7543.
Memory consumption went from 160.5 MB to 156.0 MB.
Total: 25.661900 ms (FindLiveObjects: 2.693900 ms CreateObjectMapping: 1.833600 ms MarkObjects: 13.528700 ms  DeleteObjects: 7.600500 ms)

Prepare: number of updated asset objects reloaded= 0
========================================================================
Received Prepare
Begin MonoManager ReloadAssembly
- Loaded All Assemblies, in  2.105 seconds
Refreshing native plugins compatible for Editor in 4.07 ms, found 4 plugins.
Native extension for WindowsStandalone target not found
Mono: successfully reloaded assembly
- Finished resetting the current domain, in  2.352 seconds
Domain Reload Profiling: 4463ms
	BeginReloadAssembly (573ms)
		ExecutionOrderSort (0ms)
		DisableScriptedObjects (32ms)
		BackupInstance (0ms)
		ReleaseScriptingObjects (0ms)
		CreateAndSetChildDomain (139ms)
	RebuildCommonClasses (97ms)
	RebuildNativeTypeToScriptingClass (32ms)
	initialDomainReloadingComplete (107ms)
	LoadAllAssembliesAndSetupDomain (1299ms)
		LoadAssemblies (1066ms)
		RebuildTransferFunctionScriptingTraits (0ms)
		AnalyzeDomain (535ms)
			TypeCache.Refresh (20ms)
				TypeCache.ScanAssembly (0ms)
			BuildScriptInfoCaches (477ms)
			ResolveRequiredComponents (27ms)
	FinalizeReload (2354ms)
		ReleaseScriptCaches (0ms)
		RebuildScriptCaches (0ms)
		SetupLoadedEditorAssemblies (1907ms)
			LogAssemblyErrors (0ms)
			InitializePlatformSupportModulesInManaged (4ms)
			SetLoadedEditorAssemblies (19ms)
			BeforeProcessingInitializeOnLoad (294ms)
			ProcessInitializeOnLoadAttributes (1409ms)
			ProcessInitializeOnLoadMethodAttributes (174ms)
			AfterProcessingInitializeOnLoad (6ms)
			EditorAssembliesLoaded (1ms)
		ExecutionOrderSort2 (0ms)
		AwakeInstancesAfterBackupRestoration (39ms)
Refreshing native plugins compatible for Editor in 2.47 ms, found 4 plugins.
Preloading 0 native plugins for Editor in 0.00 ms.
Unloading 12 Unused Serialized files (Serialized files now loaded: 0)
Unloading 6772 unused Assets / (4.3 MB). Loaded Objects now: 7546.
Memory consumption went from 162.7 MB to 158.4 MB.
Total: 25.646800 ms (FindLiveObjects: 2.177600 ms CreateObjectMapping: 2.003600 ms MarkObjects: 14.097000 ms  DeleteObjects: 7.362400 ms)

Prepare: number of updated asset objects reloaded= 0
========================================================================
Received Prepare
Begin MonoManager ReloadAssembly
- Loaded All Assemblies, in  2.210 seconds
Refreshing native plugins compatible for Editor in 2.95 ms, found 4 plugins.
Native extension for WindowsStandalone target not found
Mono: successfully reloaded assembly
- Finished resetting the current domain, in  2.277 seconds
Domain Reload Profiling: 4498ms
	BeginReloadAssembly (559ms)
		ExecutionOrderSort (0ms)
		DisableScriptedObjects (34ms)
		BackupInstance (0ms)
		ReleaseScriptingObjects (1ms)
		CreateAndSetChildDomain (177ms)
	RebuildCommonClasses (76ms)
	RebuildNativeTypeToScriptingClass (36ms)
	initialDomainReloadingComplete (111ms)
	LoadAllAssembliesAndSetupDomain (1438ms)
		LoadAssemblies (936ms)
		RebuildTransferFunctionScriptingTraits (0ms)
		AnalyzeDomain (740ms)
			TypeCache.Refresh (22ms)
				TypeCache.ScanAssembly (0ms)
			BuildScriptInfoCaches (653ms)
			ResolveRequiredComponents (27ms)
	FinalizeReload (2279ms)
		ReleaseScriptCaches (0ms)
		RebuildScriptCaches (0ms)
		SetupLoadedEditorAssemblies (1870ms)
			LogAssemblyErrors (0ms)
			InitializePlatformSupportModulesInManaged (4ms)
			SetLoadedEditorAssemblies (14ms)
			BeforeProcessingInitializeOnLoad (317ms)
			ProcessInitializeOnLoadAttributes (1309ms)
			ProcessInitializeOnLoadMethodAttributes (216ms)
			AfterProcessingInitializeOnLoad (5ms)
			EditorAssembliesLoaded (5ms)
		ExecutionOrderSort2 (0ms)
		AwakeInstancesAfterBackupRestoration (43ms)
Refreshing native plugins compatible for Editor in 2.80 ms, found 4 plugins.
Preloading 0 native plugins for Editor in 0.00 ms.
Unloading 12 Unused Serialized files (Serialized files now loaded: 0)
Unloading 6772 unused Assets / (4.1 MB). Loaded Objects now: 7549.
Memory consumption went from 164.9 MB to 160.8 MB.
Total: 45.913600 ms (FindLiveObjects: 4.291700 ms CreateObjectMapping: 2.314400 ms MarkObjects: 30.225200 ms  DeleteObjects: 8.777000 ms)

Prepare: number of updated asset objects reloaded= 0
========================================================================
Received Prepare
Begin MonoManager ReloadAssembly
- Loaded All Assemblies, in  1.975 seconds
Refreshing native plugins compatible for Editor in 2.35 ms, found 4 plugins.
Native extension for WindowsStandalone target not found
Mono: successfully reloaded assembly
- Finished resetting the current domain, in  2.047 seconds
Domain Reload Profiling: 4030ms
	BeginReloadAssembly (524ms)
		ExecutionOrderSort (0ms)
		DisableScriptedObjects (31ms)
		BackupInstance (0ms)
		ReleaseScriptingObjects (1ms)
		CreateAndSetChildDomain (125ms)
	RebuildCommonClasses (78ms)
	RebuildNativeTypeToScriptingClass (27ms)
	initialDomainReloadingComplete (60ms)
	LoadAllAssembliesAndSetupDomain (1293ms)
		LoadAssemblies (1034ms)
		RebuildTransferFunctionScriptingTraits (0ms)
		AnalyzeDomain (528ms)
			TypeCache.Refresh (13ms)
				TypeCache.ScanAssembly (0ms)
			BuildScriptInfoCaches (458ms)
			ResolveRequiredComponents (29ms)
	FinalizeReload (2048ms)
		ReleaseScriptCaches (0ms)
		RebuildScriptCaches (0ms)
		SetupLoadedEditorAssemblies (1707ms)
			LogAssemblyErrors (0ms)
			InitializePlatformSupportModulesInManaged (4ms)
			SetLoadedEditorAssemblies (15ms)
			BeforeProcessingInitializeOnLoad (269ms)
			ProcessInitializeOnLoadAttributes (1260ms)
			ProcessInitializeOnLoadMethodAttributes (155ms)
			AfterProcessingInitializeOnLoad (4ms)
			EditorAssembliesLoaded (1ms)
		ExecutionOrderSort2 (0ms)
		AwakeInstancesAfterBackupRestoration (38ms)
Refreshing native plugins compatible for Editor in 3.05 ms, found 4 plugins.
Preloading 0 native plugins for Editor in 0.00 ms.
Unloading 12 Unused Serialized files (Serialized files now loaded: 0)
Unloading 6772 unused Assets / (4.7 MB). Loaded Objects now: 7552.
Memory consumption went from 167.1 MB to 162.4 MB.
Total: 24.660200 ms (FindLiveObjects: 1.599400 ms CreateObjectMapping: 2.078100 ms MarkObjects: 13.888400 ms  DeleteObjects: 7.091100 ms)

Prepare: number of updated asset objects reloaded= 0
========================================================================
Received Prepare
Begin MonoManager ReloadAssembly
- Loaded All Assemblies, in  2.093 seconds
Refreshing native plugins compatible for Editor in 2.25 ms, found 4 plugins.
Native extension for WindowsStandalone target not found
Mono: successfully reloaded assembly
- Finished resetting the current domain, in  1.968 seconds
Domain Reload Profiling: 4067ms
	BeginReloadAssembly (779ms)
		ExecutionOrderSort (0ms)
		DisableScriptedObjects (75ms)
		BackupInstance (0ms)
		ReleaseScriptingObjects (22ms)
		CreateAndSetChildDomain (215ms)
	RebuildCommonClasses (100ms)
	RebuildNativeTypeToScriptingClass (34ms)
	initialDomainReloadingComplete (56ms)
	LoadAllAssembliesAndSetupDomain (1128ms)
		LoadAssemblies (891ms)
		RebuildTransferFunctionScriptingTraits (0ms)
		AnalyzeDomain (533ms)
			TypeCache.Refresh (14ms)
				TypeCache.ScanAssembly (0ms)
			BuildScriptInfoCaches (484ms)
			ResolveRequiredComponents (28ms)
	FinalizeReload (1969ms)
		ReleaseScriptCaches (0ms)
		RebuildScriptCaches (0ms)
		SetupLoadedEditorAssemblies (1623ms)
			LogAssemblyErrors (0ms)
			InitializePlatformSupportModulesInManaged (3ms)
			SetLoadedEditorAssemblies (12ms)
			BeforeProcessingInitializeOnLoad (276ms)
			ProcessInitializeOnLoadAttributes (1155ms)
			ProcessInitializeOnLoadMethodAttributes (172ms)
			AfterProcessingInitializeOnLoad (4ms)
			EditorAssembliesLoaded (1ms)
		ExecutionOrderSort2 (0ms)
		AwakeInstancesAfterBackupRestoration (40ms)
Refreshing native plugins compatible for Editor in 3.78 ms, found 4 plugins.
Preloading 0 native plugins for Editor in 0.00 ms.
Unloading 12 Unused Serialized files (Serialized files now loaded: 0)
Unloading 6772 unused Assets / (4.1 MB). Loaded Objects now: 7555.
Memory consumption went from 169.3 MB to 165.2 MB.
Total: 27.087600 ms (FindLiveObjects: 2.217200 ms CreateObjectMapping: 2.531100 ms MarkObjects: 15.255700 ms  DeleteObjects: 7.079400 ms)

Prepare: number of updated asset objects reloaded= 0
========================================================================
Received Prepare
Begin MonoManager ReloadAssembly
- Loaded All Assemblies, in  1.611 seconds
Refreshing native plugins compatible for Editor in 2.17 ms, found 4 plugins.
Native extension for WindowsStandalone target not found
Mono: successfully reloaded assembly
- Finished resetting the current domain, in  2.079 seconds
Domain Reload Profiling: 3695ms
	BeginReloadAssembly (476ms)
		ExecutionOrderSort (0ms)
		DisableScriptedObjects (42ms)
		BackupInstance (0ms)
		ReleaseScriptingObjects (0ms)
		CreateAndSetChildDomain (113ms)
	RebuildCommonClasses (83ms)
	RebuildNativeTypeToScriptingClass (27ms)
	initialDomainReloadingComplete (47ms)
	LoadAllAssembliesAndSetupDomain (981ms)
		LoadAssemblies (729ms)
		RebuildTransferFunctionScriptingTraits (0ms)
		AnalyzeDomain (472ms)
			TypeCache.Refresh (16ms)
				TypeCache.ScanAssembly (0ms)
			BuildScriptInfoCaches (426ms)
			ResolveRequiredComponents (25ms)
	FinalizeReload (2080ms)
		ReleaseScriptCaches (0ms)
		RebuildScriptCaches (0ms)
		SetupLoadedEditorAssemblies (1729ms)
			LogAssemblyErrors (0ms)
			InitializePlatformSupportModulesInManaged (3ms)
			SetLoadedEditorAssemblies (13ms)
			BeforeProcessingInitializeOnLoad (319ms)
			ProcessInitializeOnLoadAttributes (1202ms)
			ProcessInitializeOnLoadMethodAttributes (187ms)
			AfterProcessingInitializeOnLoad (4ms)
			EditorAssembliesLoaded (1ms)
		ExecutionOrderSort2 (0ms)
		AwakeInstancesAfterBackupRestoration (39ms)
Refreshing native plugins compatible for Editor in 2.43 ms, found 4 plugins.
Preloading 0 native plugins for Editor in 0.00 ms.
Unloading 12 Unused Serialized files (Serialized files now loaded: 0)
Unloading 6772 unused Assets / (4.7 MB). Loaded Objects now: 7558.
Memory consumption went from 171.6 MB to 166.9 MB.
Total: 25.479500 ms (FindLiveObjects: 2.032500 ms CreateObjectMapping: 2.028000 ms MarkObjects: 14.302800 ms  DeleteObjects: 7.112000 ms)

Prepare: number of updated asset objects reloaded= 0
========================================================================
Received Prepare
Begin MonoManager ReloadAssembly
- Loaded All Assemblies, in  1.463 seconds
Refreshing native plugins compatible for Editor in 2.36 ms, found 4 plugins.
Native extension for WindowsStandalone target not found
Mono: successfully reloaded assembly
- Finished resetting the current domain, in  1.897 seconds
Domain Reload Profiling: 3364ms
	BeginReloadAssembly (406ms)
		ExecutionOrderSort (0ms)
		DisableScriptedObjects (34ms)
		BackupInstance (0ms)
		ReleaseScriptingObjects (0ms)
		CreateAndSetChildDomain (100ms)
	RebuildCommonClasses (78ms)
	RebuildNativeTypeToScriptingClass (27ms)
	initialDomainReloadingComplete (49ms)
	LoadAllAssembliesAndSetupDomain (907ms)
		LoadAssemblies (651ms)
		RebuildTransferFunctionScriptingTraits (0ms)
		AnalyzeDomain (436ms)
			TypeCache.Refresh (12ms)
				TypeCache.ScanAssembly (0ms)
			BuildScriptInfoCaches (394ms)
			ResolveRequiredComponents (25ms)
	FinalizeReload (1898ms)
		ReleaseScriptCaches (0ms)
		RebuildScriptCaches (0ms)
		SetupLoadedEditorAssemblies (1523ms)
			LogAssemblyErrors (0ms)
			InitializePlatformSupportModulesInManaged (3ms)
			SetLoadedEditorAssemblies (11ms)
			BeforeProcessingInitializeOnLoad (270ms)
			ProcessInitializeOnLoadAttributes (1094ms)
			ProcessInitializeOnLoadMethodAttributes (141ms)
			AfterProcessingInitializeOnLoad (4ms)
			EditorAssembliesLoaded (1ms)
		ExecutionOrderSort2 (0ms)
		AwakeInstancesAfterBackupRestoration (34ms)
Refreshing native plugins compatible for Editor in 3.00 ms, found 4 plugins.
Preloading 0 native plugins for Editor in 0.00 ms.
Unloading 12 Unused Serialized files (Serialized files now loaded: 0)
Unloading 6772 unused Assets / (4.6 MB). Loaded Objects now: 7561.
Memory consumption went from 173.8 MB to 169.2 MB.
Total: 28.408900 ms (FindLiveObjects: 1.690700 ms CreateObjectMapping: 2.139700 ms MarkObjects: 15.907100 ms  DeleteObjects: 8.668500 ms)

Prepare: number of updated asset objects reloaded= 0
========================================================================
Received Prepare
Begin MonoManager ReloadAssembly
- Loaded All Assemblies, in  1.572 seconds
Refreshing native plugins compatible for Editor in 2.72 ms, found 4 plugins.
Native extension for WindowsStandalone target not found
Mono: successfully reloaded assembly
- Finished resetting the current domain, in  1.918 seconds
Domain Reload Profiling: 3494ms
	BeginReloadAssembly (437ms)
		ExecutionOrderSort (0ms)
		DisableScriptedObjects (29ms)
		BackupInstance (0ms)
		ReleaseScriptingObjects (0ms)
		CreateAndSetChildDomain (110ms)
	RebuildCommonClasses (73ms)
	RebuildNativeTypeToScriptingClass (27ms)
	initialDomainReloadingComplete (48ms)
	LoadAllAssembliesAndSetupDomain (989ms)
		LoadAssemblies (749ms)
		RebuildTransferFunctionScriptingTraits (0ms)
		AnalyzeDomain (444ms)
			TypeCache.Refresh (11ms)
				TypeCache.ScanAssembly (0ms)
			BuildScriptInfoCaches (401ms)
			ResolveRequiredComponents (26ms)
	FinalizeReload (1919ms)
		ReleaseScriptCaches (0ms)
		RebuildScriptCaches (0ms)
		SetupLoadedEditorAssemblies (1557ms)
			LogAssemblyErrors (0ms)
			InitializePlatformSupportModulesInManaged (3ms)
			SetLoadedEditorAssemblies (13ms)
			BeforeProcessingInitializeOnLoad (260ms)
			ProcessInitializeOnLoadAttributes (1131ms)
			ProcessInitializeOnLoadMethodAttributes (145ms)
			AfterProcessingInitializeOnLoad (5ms)
			EditorAssembliesLoaded (1ms)
		ExecutionOrderSort2 (0ms)
		AwakeInstancesAfterBackupRestoration (37ms)
Refreshing native plugins compatible for Editor in 2.76 ms, found 4 plugins.
Preloading 0 native plugins for Editor in 0.00 ms.
Unloading 12 Unused Serialized files (Serialized files now loaded: 0)
Unloading 6772 unused Assets / (4.5 MB). Loaded Objects now: 7564.
Memory consumption went from 176.0 MB to 171.5 MB.
Total: 26.058300 ms (FindLiveObjects: 1.979200 ms CreateObjectMapping: 2.517500 ms MarkObjects: 14.109700 ms  DeleteObjects: 7.448800 ms)

Prepare: number of updated asset objects reloaded= 0
========================================================================
Received Prepare
Begin MonoManager ReloadAssembly
- Loaded All Assemblies, in  1.487 seconds
Refreshing native plugins compatible for Editor in 2.31 ms, found 4 plugins.
Native extension for WindowsStandalone target not found
Mono: successfully reloaded assembly
- Finished resetting the current domain, in  1.920 seconds
Domain Reload Profiling: 3411ms
	BeginReloadAssembly (410ms)
		ExecutionOrderSort (0ms)
		DisableScriptedObjects (29ms)
		BackupInstance (0ms)
		ReleaseScriptingObjects (0ms)
		CreateAndSetChildDomain (100ms)
	RebuildCommonClasses (86ms)
	RebuildNativeTypeToScriptingClass (28ms)
	initialDomainReloadingComplete (48ms)
	LoadAllAssembliesAndSetupDomain (919ms)
		LoadAssemblies (642ms)
		RebuildTransferFunctionScriptingTraits (0ms)
		AnalyzeDomain (455ms)
			TypeCache.Refresh (12ms)
				TypeCache.ScanAssembly (0ms)
			BuildScriptInfoCaches (413ms)
			ResolveRequiredComponents (24ms)
	FinalizeReload (1921ms)
		ReleaseScriptCaches (0ms)
		RebuildScriptCaches (0ms)
		SetupLoadedEditorAssemblies (1558ms)
			LogAssemblyErrors (0ms)
			InitializePlatformSupportModulesInManaged (3ms)
			SetLoadedEditorAssemblies (14ms)
			BeforeProcessingInitializeOnLoad (280ms)
			ProcessInitializeOnLoadAttributes (1105ms)
			ProcessInitializeOnLoadMethodAttributes (152ms)
			AfterProcessingInitializeOnLoad (4ms)
			EditorAssembliesLoaded (1ms)
		ExecutionOrderSort2 (0ms)
		AwakeInstancesAfterBackupRestoration (36ms)
Refreshing native plugins compatible for Editor in 2.40 ms, found 4 plugins.
Preloading 0 native plugins for Editor in 0.00 ms.
Unloading 12 Unused Serialized files (Serialized files now loaded: 0)
Unloading 6772 unused Assets / (5.8 MB). Loaded Objects now: 7567.
Memory consumption went from 178.2 MB to 172.5 MB.
Total: 28.092400 ms (FindLiveObjects: 2.250800 ms CreateObjectMapping: 2.623400 ms MarkObjects: 13.822900 ms  DeleteObjects: 9.390600 ms)

Prepare: number of updated asset objects reloaded= 0
========================================================================
Received Prepare
Begin MonoManager ReloadAssembly
- Loaded All Assemblies, in  6.048 seconds
Refreshing native plugins compatible for Editor in 4.08 ms, found 4 plugins.
Native extension for WindowsStandalone target not found
Mono: successfully reloaded assembly
- Finished resetting the current domain, in  1.506 seconds
Domain Reload Profiling: 7567ms
	BeginReloadAssembly (1010ms)
		ExecutionOrderSort (0ms)
		DisableScriptedObjects (107ms)
		BackupInstance (0ms)
		ReleaseScriptingObjects (1ms)
		CreateAndSetChildDomain (248ms)
	RebuildCommonClasses (209ms)
	RebuildNativeTypeToScriptingClass (16ms)
	initialDomainReloadingComplete (56ms)
	LoadAllAssembliesAndSetupDomain (4769ms)
		LoadAssemblies (4731ms)
		RebuildTransferFunctionScriptingTraits (0ms)
		AnalyzeDomain (524ms)
			TypeCache.Refresh (26ms)
				TypeCache.ScanAssembly (0ms)
			BuildScriptInfoCaches (461ms)
			ResolveRequiredComponents (26ms)
	FinalizeReload (1507ms)
		ReleaseScriptCaches (0ms)
		RebuildScriptCaches (0ms)
		SetupLoadedEditorAssemblies (1215ms)
			LogAssemblyErrors (0ms)
			InitializePlatformSupportModulesInManaged (4ms)
			SetLoadedEditorAssemblies (12ms)
			BeforeProcessingInitializeOnLoad (224ms)
			ProcessInitializeOnLoadAttributes (882ms)
			ProcessInitializeOnLoadMethodAttributes (90ms)
			AfterProcessingInitializeOnLoad (2ms)
			EditorAssembliesLoaded (1ms)
		ExecutionOrderSort2 (0ms)
		AwakeInstancesAfterBackupRestoration (21ms)
Refreshing native plugins compatible for Editor in 1.86 ms, found 4 plugins.
Preloading 0 native plugins for Editor in 0.00 ms.
Unloading 12 Unused Serialized files (Serialized files now loaded: 0)
Unloading 6772 unused Assets / (5.1 MB). Loaded Objects now: 7570.
Memory consumption went from 180.4 MB to 175.3 MB.
Total: 24.622100 ms (FindLiveObjects: 2.707400 ms CreateObjectMapping: 2.061000 ms MarkObjects: 11.627500 ms  DeleteObjects: 8.218200 ms)

Prepare: number of updated asset objects reloaded= 0
========================================================================
Received Import Request.
  Time since last request: 2008.853498 seconds.
  path: Assets/Scenes/UDON_SCENE/RiceHarvestScene.unity
  artifactKey: Guid(343e48182fc5703459564fbd1edd7e24) Importer(815301076,1909f56bfc062723c751e8b465ee728b)
Start importing Assets/Scenes/UDON_SCENE/RiceHarvestScene.unity using Guid(343e48182fc5703459564fbd1edd7e24) Importer(815301076,1909f56bfc062723c751e8b465ee728b) (PreviewImporter) -> (artifact id: 'd62e2b292378252b2c706bb9f0ed0477') in 0.0149376 seconds
Number of updated asset objects reloaded before import = 0Number of asset objects unloaded after import = 0

========================================================================
Received Prepare
Begin MonoManager ReloadAssembly
- Loaded All Assemblies, in  2.995 seconds
Refreshing native plugins compatible for Editor in 4.70 ms, found 4 plugins.
Native extension for WindowsStandalone target not found
Mono: successfully reloaded assembly
- Finished resetting the current domain, in  1.676 seconds
Domain Reload Profiling: 4682ms
	BeginReloadAssembly (750ms)
		ExecutionOrderSort (0ms)
		DisableScriptedObjects (114ms)
		BackupInstance (0ms)
		ReleaseScriptingObjects (2ms)
		CreateAndSetChildDomain (283ms)
	RebuildCommonClasses (52ms)
	RebuildNativeTypeToScriptingClass (15ms)
	initialDomainReloadingComplete (41ms)
	LoadAllAssembliesAndSetupDomain (2147ms)
		LoadAssemblies (1703ms)
		RebuildTransferFunctionScriptingTraits (0ms)
		AnalyzeDomain (624ms)
			TypeCache.Refresh (61ms)
				TypeCache.ScanAssembly (0ms)
			BuildScriptInfoCaches (531ms)
			ResolveRequiredComponents (19ms)
	FinalizeReload (1677ms)
		ReleaseScriptCaches (0ms)
		RebuildScriptCaches (0ms)
		SetupLoadedEditorAssemblies (1374ms)
			LogAssemblyErrors (0ms)
			InitializePlatformSupportModulesInManaged (4ms)
			SetLoadedEditorAssemblies (15ms)
			BeforeProcessingInitializeOnLoad (256ms)
			ProcessInitializeOnLoadAttributes (987ms)
			ProcessInitializeOnLoadMethodAttributes (107ms)
			AfterProcessingInitializeOnLoad (3ms)
			EditorAssembliesLoaded (1ms)
		ExecutionOrderSort2 (0ms)
		AwakeInstancesAfterBackupRestoration (22ms)
Refreshing native plugins compatible for Editor in 2.40 ms, found 4 plugins.
Preloading 0 native plugins for Editor in 0.00 ms.
Unloading 12 Unused Serialized files (Serialized files now loaded: 0)
Unloading 6772 unused Assets / (5.7 MB). Loaded Objects now: 7573.
Memory consumption went from 148.2 MB to 142.5 MB.
Total: 40.622200 ms (FindLiveObjects: 2.477500 ms CreateObjectMapping: 1.859600 ms MarkObjects: 21.347800 ms  DeleteObjects: 14.642600 ms)

Prepare: number of updated asset objects reloaded= 0
========================================================================
Received Prepare
Begin MonoManager ReloadAssembly
- Loaded All Assemblies, in  2.298 seconds
Refreshing native plugins compatible for Editor in 4.15 ms, found 4 plugins.
Native extension for WindowsStandalone target not found
Mono: successfully reloaded assembly
- Finished resetting the current domain, in  1.817 seconds
Domain Reload Profiling: 4123ms
	BeginReloadAssembly (640ms)
		ExecutionOrderSort (0ms)
		DisableScriptedObjects (23ms)
		BackupInstance (0ms)
		ReleaseScriptingObjects (3ms)
		CreateAndSetChildDomain (100ms)
	RebuildCommonClasses (49ms)
	RebuildNativeTypeToScriptingClass (15ms)
	initialDomainReloadingComplete (36ms)
	LoadAllAssembliesAndSetupDomain (1565ms)
		LoadAssemblies (1294ms)
		RebuildTransferFunctionScriptingTraits (0ms)
		AnalyzeDomain (564ms)
			TypeCache.Refresh (26ms)
				TypeCache.ScanAssembly (0ms)
			BuildScriptInfoCaches (504ms)
			ResolveRequiredComponents (19ms)
	FinalizeReload (1818ms)
		ReleaseScriptCaches (0ms)
		RebuildScriptCaches (0ms)
		SetupLoadedEditorAssemblies (1460ms)
			LogAssemblyErrors (0ms)
			InitializePlatformSupportModulesInManaged (5ms)
			SetLoadedEditorAssemblies (13ms)
			BeforeProcessingInitializeOnLoad (290ms)
			ProcessInitializeOnLoadAttributes (1010ms)
			ProcessInitializeOnLoadMethodAttributes (136ms)
			AfterProcessingInitializeOnLoad (3ms)
			EditorAssembliesLoaded (3ms)
		ExecutionOrderSort2 (0ms)
		AwakeInstancesAfterBackupRestoration (23ms)
Refreshing native plugins compatible for Editor in 2.44 ms, found 4 plugins.
Preloading 0 native plugins for Editor in 0.00 ms.
Unloading 12 Unused Serialized files (Serialized files now loaded: 0)
Unloading 6772 unused Assets / (7.1 MB). Loaded Objects now: 7576.
Memory consumption went from 150.4 MB to 143.3 MB.
Total: 32.022300 ms (FindLiveObjects: 2.595900 ms CreateObjectMapping: 2.025900 ms MarkObjects: 14.650100 ms  DeleteObjects: 12.541100 ms)

Prepare: number of updated asset objects reloaded= 0
========================================================================
Received Prepare
Begin MonoManager ReloadAssembly
- Loaded All Assemblies, in  2.857 seconds
Refreshing native plugins compatible for Editor in 4.39 ms, found 4 plugins.
Native extension for WindowsStandalone target not found
Mono: successfully reloaded assembly
- Finished resetting the current domain, in  1.668 seconds
Domain Reload Profiling: 4537ms
	BeginReloadAssembly (686ms)
		ExecutionOrderSort (0ms)
		DisableScriptedObjects (70ms)
		BackupInstance (0ms)
		ReleaseScriptingObjects (2ms)
		CreateAndSetChildDomain (277ms)
	RebuildCommonClasses (54ms)
	RebuildNativeTypeToScriptingClass (15ms)
	initialDomainReloadingComplete (40ms)
	LoadAllAssembliesAndSetupDomain (2073ms)
		LoadAssemblies (1637ms)
		RebuildTransferFunctionScriptingTraits (0ms)
		AnalyzeDomain (636ms)
			TypeCache.Refresh (57ms)
				TypeCache.ScanAssembly (0ms)
			BuildScriptInfoCaches (541ms)
			ResolveRequiredComponents (20ms)
	FinalizeReload (1669ms)
		ReleaseScriptCaches (0ms)
		RebuildScriptCaches (0ms)
		SetupLoadedEditorAssemblies (1331ms)
			LogAssemblyErrors (0ms)
			InitializePlatformSupportModulesInManaged (5ms)
			SetLoadedEditorAssemblies (14ms)
			BeforeProcessingInitializeOnLoad (270ms)
			ProcessInitializeOnLoadAttributes (927ms)
			ProcessInitializeOnLoadMethodAttributes (112ms)
			AfterProcessingInitializeOnLoad (3ms)
			EditorAssembliesLoaded (1ms)
		ExecutionOrderSort2 (0ms)
		AwakeInstancesAfterBackupRestoration (23ms)
Refreshing native plugins compatible for Editor in 2.84 ms, found 4 plugins.
Preloading 0 native plugins for Editor in 0.00 ms.
Unloading 12 Unused Serialized files (Serialized files now loaded: 0)
Unloading 6772 unused Assets / (6.3 MB). Loaded Objects now: 7579.
Memory consumption went from 152.6 MB to 146.2 MB.
Total: 28.144500 ms (FindLiveObjects: 2.250300 ms CreateObjectMapping: 1.820200 ms MarkObjects: 12.954900 ms  DeleteObjects: 10.915000 ms)

Prepare: number of updated asset objects reloaded= 0
========================================================================
Received Import Request.
  Time since last request: 875.456544 seconds.
  path: Assets/Scenes/UDON_SCENE/ThreshingScene.unity
  artifactKey: Guid(d8a813938fddc7949903af9da6af4ac4) Importer(815301076,1909f56bfc062723c751e8b465ee728b)
Start importing Assets/Scenes/UDON_SCENE/ThreshingScene.unity using Guid(d8a813938fddc7949903af9da6af4ac4) Importer(815301076,1909f56bfc062723c751e8b465ee728b) (PreviewImporter) -> (artifact id: 'a3b130973d00ac833f063557e65554c3') in 0.0422112 seconds
Number of updated asset objects reloaded before import = 0Number of asset objects unloaded after import = 0

========================================================================
Received Prepare
Begin MonoManager ReloadAssembly
- Loaded All Assemblies, in  1.672 seconds
Refreshing native plugins compatible for Editor in 2.46 ms, found 4 plugins.
Native extension for WindowsStandalone target not found
Mono: successfully reloaded assembly
- Finished resetting the current domain, in  1.788 seconds
Domain Reload Profiling: 3465ms
	BeginReloadAssembly (391ms)
		ExecutionOrderSort (0ms)
		DisableScriptedObjects (23ms)
		BackupInstance (0ms)
		ReleaseScriptingObjects (0ms)
		CreateAndSetChildDomain (116ms)
	RebuildCommonClasses (52ms)
	RebuildNativeTypeToScriptingClass (17ms)
	initialDomainReloadingComplete (37ms)
	LoadAllAssembliesAndSetupDomain (1179ms)
		LoadAssemblies (861ms)
		RebuildTransferFunctionScriptingTraits (0ms)
		AnalyzeDomain (492ms)
			TypeCache.Refresh (53ms)
				TypeCache.ScanAssembly (0ms)
			BuildScriptInfoCaches (414ms)
			ResolveRequiredComponents (18ms)
	FinalizeReload (1789ms)
		ReleaseScriptCaches (0ms)
		RebuildScriptCaches (0ms)
		SetupLoadedEditorAssemblies (1435ms)
			LogAssemblyErrors (0ms)
			InitializePlatformSupportModulesInManaged (4ms)
			SetLoadedEditorAssemblies (17ms)
			BeforeProcessingInitializeOnLoad (277ms)
			ProcessInitializeOnLoadAttributes (999ms)
			ProcessInitializeOnLoadMethodAttributes (134ms)
			AfterProcessingInitializeOnLoad (3ms)
			EditorAssembliesLoaded (1ms)
		ExecutionOrderSort2 (0ms)
		AwakeInstancesAfterBackupRestoration (28ms)
Refreshing native plugins compatible for Editor in 1.26 ms, found 4 plugins.
Preloading 0 native plugins for Editor in 0.00 ms.
Unloading 12 Unused Serialized files (Serialized files now loaded: 0)
Unloading 6772 unused Assets / (5.7 MB). Loaded Objects now: 7582.
Memory consumption went from 148.3 MB to 142.6 MB.
Total: 20.075500 ms (FindLiveObjects: 1.453700 ms CreateObjectMapping: 1.799000 ms MarkObjects: 8.623600 ms  DeleteObjects: 8.195800 ms)

Prepare: number of updated asset objects reloaded= 0
========================================================================
Received Import Request.
  Time since last request: 39.237552 seconds.
  path: Assets/UDON/Assets/PoundScene/14.png
  artifactKey: Guid(b82c537e4571e2e4ea16635385090247) Importer(815301076,1909f56bfc062723c751e8b465ee728b)
Start importing Assets/UDON/Assets/PoundScene/14.png using Guid(b82c537e4571e2e4ea16635385090247) Importer(815301076,1909f56bfc062723c751e8b465ee728b) (PreviewImporter) -> (artifact id: 'f609e2cf1205c5c37c0560f96af0d10b') in 0.3089452 seconds
Number of updated asset objects reloaded before import = 0Number of asset objects unloaded after import = 3

========================================================================
Received Import Request.
  Time since last request: 0.000048 seconds.
  path: Assets/UDON/Assets/PoundScene/12.png
  artifactKey: Guid(e310c30296c97f543a346c20a46865ab) Importer(815301076,1909f56bfc062723c751e8b465ee728b)
Start importing Assets/UDON/Assets/PoundScene/12.png using Guid(e310c30296c97f543a346c20a46865ab) Importer(815301076,1909f56bfc062723c751e8b465ee728b) (PreviewImporter) -> (artifact id: '695e3a472500a2219450d12ff7a3cd84') in 0.0353732 seconds
Number of updated asset objects reloaded before import = 0Number of asset objects unloaded after import = 3

========================================================================
Received Import Request.
  Time since last request: 0.351394 seconds.
  path: Assets/UDON/Assets/PoundScene/10.png
  artifactKey: Guid(31ac5ac76454faa458b53dfe0577e50c) Importer(815301076,1909f56bfc062723c751e8b465ee728b)
Start importing Assets/UDON/Assets/PoundScene/10.png using Guid(31ac5ac76454faa458b53dfe0577e50c) Importer(815301076,1909f56bfc062723c751e8b465ee728b) (PreviewImporter) -> (artifact id: '9244aff873d8555e0143821fc15b1a8f') in 0.0343902 seconds
Number of updated asset objects reloaded before import = 0Number of asset objects unloaded after import = 3

========================================================================
Received Import Request.
  Time since last request: 0.000035 seconds.
  path: Assets/UDON/Assets/PoundScene/5.png
  artifactKey: Guid(e1b7a8d329df3164e9eda9fe8195726a) Importer(815301076,1909f56bfc062723c751e8b465ee728b)
Start importing Assets/UDON/Assets/PoundScene/5.png using Guid(e1b7a8d329df3164e9eda9fe8195726a) Importer(815301076,1909f56bfc062723c751e8b465ee728b) (PreviewImporter) -> (artifact id: '5c3c0b9e016b8a7b2feba10b373205f0') in 0.029398 seconds
Number of updated asset objects reloaded before import = 0Number of asset objects unloaded after import = 3

========================================================================
Received Prepare
Begin MonoManager ReloadAssembly
- Loaded All Assemblies, in  1.671 seconds
Refreshing native plugins compatible for Editor in 2.36 ms, found 4 plugins.
Native extension for WindowsStandalone target not found
Mono: successfully reloaded assembly
- Finished resetting the current domain, in  1.587 seconds
Domain Reload Profiling: 3266ms
	BeginReloadAssembly (342ms)
		ExecutionOrderSort (0ms)
		DisableScriptedObjects (18ms)
		BackupInstance (0ms)
		ReleaseScriptingObjects (1ms)
		CreateAndSetChildDomain (98ms)
	RebuildCommonClasses (47ms)
	RebuildNativeTypeToScriptingClass (15ms)
	initialDomainReloadingComplete (36ms)
	LoadAllAssembliesAndSetupDomain (1238ms)
		LoadAssemblies (946ms)
		RebuildTransferFunctionScriptingTraits (0ms)
		AnalyzeDomain (448ms)
			TypeCache.Refresh (17ms)
				TypeCache.ScanAssembly (0ms)
			BuildScriptInfoCaches (390ms)
			ResolveRequiredComponents (16ms)
	FinalizeReload (1589ms)
		ReleaseScriptCaches (0ms)
		RebuildScriptCaches (0ms)
		SetupLoadedEditorAssemblies (1310ms)
			LogAssemblyErrors (0ms)
			InitializePlatformSupportModulesInManaged (3ms)
			SetLoadedEditorAssemblies (8ms)
			BeforeProcessingInitializeOnLoad (202ms)
			ProcessInitializeOnLoadAttributes (966ms)
			ProcessInitializeOnLoadMethodAttributes (127ms)
			AfterProcessingInitializeOnLoad (3ms)
			EditorAssembliesLoaded (1ms)
		ExecutionOrderSort2 (0ms)
		AwakeInstancesAfterBackupRestoration (23ms)
Refreshing native plugins compatible for Editor in 2.44 ms, found 4 plugins.
Preloading 0 native plugins for Editor in 0.00 ms.
Unloading 12 Unused Serialized files (Serialized files now loaded: 0)
Unloading 6772 unused Assets / (6.2 MB). Loaded Objects now: 7598.
Memory consumption went from 153.0 MB to 146.8 MB.
Total: 33.368500 ms (FindLiveObjects: 2.879100 ms CreateObjectMapping: 2.106300 ms MarkObjects: 17.000700 ms  DeleteObjects: 11.376700 ms)

Prepare: number of updated asset objects reloaded= 0
========================================================================
Received Prepare
Begin MonoManager ReloadAssembly
- Loaded All Assemblies, in  1.036 seconds
Refreshing native plugins compatible for Editor in 1.50 ms, found 4 plugins.
Native extension for WindowsStandalone target not found
Mono: successfully reloaded assembly
- Finished resetting the current domain, in  1.288 seconds
Domain Reload Profiling: 2329ms
	BeginReloadAssembly (281ms)
		ExecutionOrderSort (0ms)
		DisableScriptedObjects (16ms)
		BackupInstance (0ms)
		ReleaseScriptingObjects (0ms)
		CreateAndSetChildDomain (73ms)
	RebuildCommonClasses (45ms)
	RebuildNativeTypeToScriptingClass (17ms)
	initialDomainReloadingComplete (31ms)
	LoadAllAssembliesAndSetupDomain (665ms)
		LoadAssemblies (476ms)
		RebuildTransferFunctionScriptingTraits (0ms)
		AnalyzeDomain (314ms)
			TypeCache.Refresh (10ms)
				TypeCache.ScanAssembly (0ms)
			BuildScriptInfoCaches (285ms)
			ResolveRequiredComponents (14ms)
	FinalizeReload (1290ms)
		ReleaseScriptCaches (0ms)
		RebuildScriptCaches (0ms)
		SetupLoadedEditorAssemblies (1050ms)
			LogAssemblyErrors (0ms)
			InitializePlatformSupportModulesInManaged (2ms)
			SetLoadedEditorAssemblies (8ms)
			BeforeProcessingInitializeOnLoad (184ms)
			ProcessInitializeOnLoadAttributes (762ms)
			ProcessInitializeOnLoadMethodAttributes (91ms)
			AfterProcessingInitializeOnLoad (3ms)
			EditorAssembliesLoaded (1ms)
		ExecutionOrderSort2 (0ms)
		AwakeInstancesAfterBackupRestoration (25ms)
Refreshing native plugins compatible for Editor in 2.54 ms, found 4 plugins.
Preloading 0 native plugins for Editor in 0.00 ms.
Unloading 12 Unused Serialized files (Serialized files now loaded: 0)
Unloading 6772 unused Assets / (6.3 MB). Loaded Objects now: 7601.
Memory consumption went from 155.2 MB to 148.9 MB.
Total: 28.307300 ms (FindLiveObjects: 1.821900 ms CreateObjectMapping: 1.987900 ms MarkObjects: 13.825000 ms  DeleteObjects: 10.666800 ms)

Prepare: number of updated asset objects reloaded= 0
========================================================================
Received Prepare
Begin MonoManager ReloadAssembly
- Loaded All Assemblies, in  1.044 seconds
Refreshing native plugins compatible for Editor in 1.29 ms, found 4 plugins.
Native extension for WindowsStandalone target not found
Mono: successfully reloaded assembly
- Finished resetting the current domain, in  1.233 seconds
Domain Reload Profiling: 2281ms
	BeginReloadAssembly (286ms)
		ExecutionOrderSort (0ms)
		DisableScriptedObjects (17ms)
		BackupInstance (0ms)
		ReleaseScriptingObjects (0ms)
		CreateAndSetChildDomain (77ms)
	RebuildCommonClasses (47ms)
	RebuildNativeTypeToScriptingClass (15ms)
	initialDomainReloadingComplete (34ms)
	LoadAllAssembliesAndSetupDomain (665ms)
		LoadAssemblies (508ms)
		RebuildTransferFunctionScriptingTraits (0ms)
		AnalyzeDomain (286ms)
			TypeCache.Refresh (8ms)
				TypeCache.ScanAssembly (0ms)
			BuildScriptInfoCaches (258ms)
			ResolveRequiredComponents (15ms)
	FinalizeReload (1234ms)
		ReleaseScriptCaches (0ms)
		RebuildScriptCaches (0ms)
		SetupLoadedEditorAssemblies (1032ms)
			LogAssemblyErrors (0ms)
			InitializePlatformSupportModulesInManaged (2ms)
			SetLoadedEditorAssemblies (8ms)
			BeforeProcessingInitializeOnLoad (191ms)
			ProcessInitializeOnLoadAttributes (744ms)
			ProcessInitializeOnLoadMethodAttributes (85ms)
			AfterProcessingInitializeOnLoad (2ms)
			EditorAssembliesLoaded (0ms)
		ExecutionOrderSort2 (0ms)
		AwakeInstancesAfterBackupRestoration (17ms)
Refreshing native plugins compatible for Editor in 3.21 ms, found 4 plugins.
Preloading 0 native plugins for Editor in 0.00 ms.
Unloading 12 Unused Serialized files (Serialized files now loaded: 0)
Unloading 6772 unused Assets / (4.8 MB). Loaded Objects now: 7604.
Memory consumption went from 157.4 MB to 152.6 MB.
Total: 24.393800 ms (FindLiveObjects: 2.344600 ms CreateObjectMapping: 2.648300 ms MarkObjects: 10.656500 ms  DeleteObjects: 8.740700 ms)

Prepare: number of updated asset objects reloaded= 0
========================================================================
Received Import Request.
  Time since last request: 231.597298 seconds.
  path: Assets/Scenes/UDON_SCENE/RiceHarvestScene.unity
  artifactKey: Guid(343e48182fc5703459564fbd1edd7e24) Importer(815301076,1909f56bfc062723c751e8b465ee728b)
Start importing Assets/Scenes/UDON_SCENE/RiceHarvestScene.unity using Guid(343e48182fc5703459564fbd1edd7e24) Importer(815301076,1909f56bfc062723c751e8b465ee728b) (PreviewImporter) -> (artifact id: '5fdca126dfdade8020435c8459677344') in 0.0127115 seconds
Number of updated asset objects reloaded before import = 0Number of asset objects unloaded after import = 0

========================================================================
Received Prepare
Begin MonoManager ReloadAssembly
- Loaded All Assemblies, in  1.154 seconds
Refreshing native plugins compatible for Editor in 2.25 ms, found 4 plugins.
Native extension for WindowsStandalone target not found
Mono: successfully reloaded assembly
- Finished resetting the current domain, in  1.690 seconds
Domain Reload Profiling: 2849ms
	BeginReloadAssembly (369ms)
		ExecutionOrderSort (0ms)
		DisableScriptedObjects (34ms)
		BackupInstance (0ms)
		ReleaseScriptingObjects (2ms)
		CreateAndSetChildDomain (92ms)
	RebuildCommonClasses (48ms)
	RebuildNativeTypeToScriptingClass (15ms)
	initialDomainReloadingComplete (37ms)
	LoadAllAssembliesAndSetupDomain (689ms)
		LoadAssemblies (521ms)
		RebuildTransferFunctionScriptingTraits (0ms)
		AnalyzeDomain (325ms)
			TypeCache.Refresh (11ms)
				TypeCache.ScanAssembly (0ms)
			BuildScriptInfoCaches (288ms)
			ResolveRequiredComponents (18ms)
	FinalizeReload (1691ms)
		ReleaseScriptCaches (0ms)
		RebuildScriptCaches (0ms)
		SetupLoadedEditorAssemblies (1436ms)
			LogAssemblyErrors (0ms)
			InitializePlatformSupportModulesInManaged (3ms)
			SetLoadedEditorAssemblies (9ms)
			BeforeProcessingInitializeOnLoad (253ms)
			ProcessInitializeOnLoadAttributes (1034ms)
			ProcessInitializeOnLoadMethodAttributes (132ms)
			AfterProcessingInitializeOnLoad (3ms)
			EditorAssembliesLoaded (1ms)
		ExecutionOrderSort2 (0ms)
		AwakeInstancesAfterBackupRestoration (27ms)
Refreshing native plugins compatible for Editor in 2.19 ms, found 4 plugins.
Preloading 0 native plugins for Editor in 0.00 ms.
Unloading 12 Unused Serialized files (Serialized files now loaded: 0)
Unloading 6772 unused Assets / (6.1 MB). Loaded Objects now: 7607.
Memory consumption went from 153.1 MB to 147.0 MB.
Total: 28.531300 ms (FindLiveObjects: 2.568400 ms CreateObjectMapping: 2.094200 ms MarkObjects: 13.369600 ms  DeleteObjects: 10.494700 ms)

Prepare: number of updated asset objects reloaded= 0
========================================================================
Received Prepare
Begin MonoManager ReloadAssembly
- Loaded All Assemblies, in  1.173 seconds
Refreshing native plugins compatible for Editor in 1.55 ms, found 4 plugins.
Native extension for WindowsStandalone target not found
Mono: successfully reloaded assembly
- Finished resetting the current domain, in  1.454 seconds
Domain Reload Profiling: 2631ms
	BeginReloadAssembly (306ms)
		ExecutionOrderSort (0ms)
		DisableScriptedObjects (19ms)
		BackupInstance (0ms)
		ReleaseScriptingObjects (0ms)
		CreateAndSetChildDomain (76ms)
	RebuildCommonClasses (48ms)
	RebuildNativeTypeToScriptingClass (16ms)
	initialDomainReloadingComplete (34ms)
	LoadAllAssembliesAndSetupDomain (772ms)
		LoadAssemblies (582ms)
		RebuildTransferFunctionScriptingTraits (0ms)
		AnalyzeDomain (334ms)
			TypeCache.Refresh (8ms)
				TypeCache.ScanAssembly (0ms)
			BuildScriptInfoCaches (302ms)
			ResolveRequiredComponents (17ms)
	FinalizeReload (1455ms)
		ReleaseScriptCaches (0ms)
		RebuildScriptCaches (0ms)
		SetupLoadedEditorAssemblies (1174ms)
			LogAssemblyErrors (0ms)
			InitializePlatformSupportModulesInManaged (3ms)
			SetLoadedEditorAssemblies (12ms)
			BeforeProcessingInitializeOnLoad (248ms)
			ProcessInitializeOnLoadAttributes (801ms)
			ProcessInitializeOnLoadMethodAttributes (107ms)
			AfterProcessingInitializeOnLoad (3ms)
			EditorAssembliesLoaded (1ms)
		ExecutionOrderSort2 (0ms)
		AwakeInstancesAfterBackupRestoration (27ms)
Refreshing native plugins compatible for Editor in 2.53 ms, found 4 plugins.
Preloading 0 native plugins for Editor in 0.00 ms.
Unloading 12 Unused Serialized files (Serialized files now loaded: 0)
Unloading 6772 unused Assets / (5.2 MB). Loaded Objects now: 7610.
Memory consumption went from 155.3 MB to 150.1 MB.
Total: 24.490600 ms (FindLiveObjects: 2.193200 ms CreateObjectMapping: 2.793000 ms MarkObjects: 11.680500 ms  DeleteObjects: 7.819200 ms)

Prepare: number of updated asset objects reloaded= 0
========================================================================
Received Prepare
Begin MonoManager ReloadAssembly
- Loaded All Assemblies, in  0.997 seconds
Refreshing native plugins compatible for Editor in 1.37 ms, found 4 plugins.
Native extension for WindowsStandalone target not found
Mono: successfully reloaded assembly
- Finished resetting the current domain, in  1.150 seconds
Domain Reload Profiling: 2151ms
	BeginReloadAssembly (273ms)
		ExecutionOrderSort (0ms)
		DisableScriptedObjects (17ms)
		BackupInstance (0ms)
		ReleaseScriptingObjects (0ms)
		CreateAndSetChildDomain (68ms)
	RebuildCommonClasses (46ms)
	RebuildNativeTypeToScriptingClass (16ms)
	initialDomainReloadingComplete (31ms)
	LoadAllAssembliesAndSetupDomain (633ms)
		LoadAssemblies (460ms)
		RebuildTransferFunctionScriptingTraits (0ms)
		AnalyzeDomain (296ms)
			TypeCache.Refresh (10ms)
				TypeCache.ScanAssembly (0ms)
			BuildScriptInfoCaches (264ms)
			ResolveRequiredComponents (18ms)
	FinalizeReload (1151ms)
		ReleaseScriptCaches (0ms)
		RebuildScriptCaches (0ms)
		SetupLoadedEditorAssemblies (958ms)
			LogAssemblyErrors (0ms)
			InitializePlatformSupportModulesInManaged (2ms)
			SetLoadedEditorAssemblies (9ms)
			BeforeProcessingInitializeOnLoad (189ms)
			ProcessInitializeOnLoadAttributes (684ms)
			ProcessInitializeOnLoadMethodAttributes (71ms)
			AfterProcessingInitializeOnLoad (2ms)
			EditorAssembliesLoaded (0ms)
		ExecutionOrderSort2 (0ms)
		AwakeInstancesAfterBackupRestoration (15ms)
Refreshing native plugins compatible for Editor in 1.80 ms, found 4 plugins.
Preloading 0 native plugins for Editor in 0.00 ms.
Unloading 12 Unused Serialized files (Serialized files now loaded: 0)
Unloading 6772 unused Assets / (6.1 MB). Loaded Objects now: 7613.
Memory consumption went from 157.5 MB to 151.4 MB.
Total: 15.630800 ms (FindLiveObjects: 1.346000 ms CreateObjectMapping: 1.203300 ms MarkObjects: 7.205500 ms  DeleteObjects: 5.873600 ms)

Prepare: number of updated asset objects reloaded= 0
========================================================================
Received Prepare
Begin MonoManager ReloadAssembly
- Loaded All Assemblies, in  0.986 seconds
Refreshing native plugins compatible for Editor in 1.22 ms, found 4 plugins.
Native extension for WindowsStandalone target not found
Mono: successfully reloaded assembly
- Finished resetting the current domain, in  1.212 seconds
Domain Reload Profiling: 2201ms
	BeginReloadAssembly (263ms)
		ExecutionOrderSort (0ms)
		DisableScriptedObjects (19ms)
		BackupInstance (0ms)
		ReleaseScriptingObjects (0ms)
		CreateAndSetChildDomain (62ms)
	RebuildCommonClasses (44ms)
	RebuildNativeTypeToScriptingClass (16ms)
	initialDomainReloadingComplete (29ms)
	LoadAllAssembliesAndSetupDomain (636ms)
		LoadAssemblies (463ms)
		RebuildTransferFunctionScriptingTraits (0ms)
		AnalyzeDomain (284ms)
			TypeCache.Refresh (9ms)
				TypeCache.ScanAssembly (0ms)
			BuildScriptInfoCaches (256ms)
			ResolveRequiredComponents (14ms)
	FinalizeReload (1213ms)
		ReleaseScriptCaches (0ms)
		RebuildScriptCaches (0ms)
		SetupLoadedEditorAssemblies (1013ms)
			LogAssemblyErrors (0ms)
			InitializePlatformSupportModulesInManaged (2ms)
			SetLoadedEditorAssemblies (8ms)
			BeforeProcessingInitializeOnLoad (190ms)
			ProcessInitializeOnLoadAttributes (733ms)
			ProcessInitializeOnLoadMethodAttributes (78ms)
			AfterProcessingInitializeOnLoad (2ms)
			EditorAssembliesLoaded (0ms)
		ExecutionOrderSort2 (0ms)
		AwakeInstancesAfterBackupRestoration (17ms)
Refreshing native plugins compatible for Editor in 1.44 ms, found 4 plugins.
Preloading 0 native plugins for Editor in 0.00 ms.
Unloading 12 Unused Serialized files (Serialized files now loaded: 0)
Unloading 6772 unused Assets / (5.8 MB). Loaded Objects now: 7616.
Memory consumption went from 159.7 MB to 153.9 MB.
Total: 15.248900 ms (FindLiveObjects: 1.180800 ms CreateObjectMapping: 1.271800 ms MarkObjects: 7.171100 ms  DeleteObjects: 5.622300 ms)

Prepare: number of updated asset objects reloaded= 0
========================================================================
Received Prepare
Begin MonoManager ReloadAssembly
- Loaded All Assemblies, in  1.224 seconds
Refreshing native plugins compatible for Editor in 2.97 ms, found 4 plugins.
Native extension for WindowsStandalone target not found
Mono: successfully reloaded assembly
- Finished resetting the current domain, in  1.675 seconds
Domain Reload Profiling: 2905ms
	BeginReloadAssembly (384ms)
		ExecutionOrderSort (0ms)
		DisableScriptedObjects (28ms)
		BackupInstance (0ms)
		ReleaseScriptingObjects (3ms)
		CreateAndSetChildDomain (91ms)
	RebuildCommonClasses (45ms)
	RebuildNativeTypeToScriptingClass (24ms)
	initialDomainReloadingComplete (44ms)
	LoadAllAssembliesAndSetupDomain (733ms)
		LoadAssemblies (561ms)
		RebuildTransferFunctionScriptingTraits (0ms)
		AnalyzeDomain (339ms)
			TypeCache.Refresh (19ms)
				TypeCache.ScanAssembly (0ms)
			BuildScriptInfoCaches (295ms)
			ResolveRequiredComponents (16ms)
	FinalizeReload (1676ms)
		ReleaseScriptCaches (0ms)
		RebuildScriptCaches (0ms)
		SetupLoadedEditorAssemblies (1377ms)
			LogAssemblyErrors (0ms)
			InitializePlatformSupportModulesInManaged (2ms)
			SetLoadedEditorAssemblies (7ms)
			BeforeProcessingInitializeOnLoad (224ms)
			ProcessInitializeOnLoadAttributes (1008ms)
			ProcessInitializeOnLoadMethodAttributes (131ms)
			AfterProcessingInitializeOnLoad (4ms)
			EditorAssembliesLoaded (1ms)
		ExecutionOrderSort2 (0ms)
		AwakeInstancesAfterBackupRestoration (30ms)
Refreshing native plugins compatible for Editor in 2.35 ms, found 4 plugins.
Preloading 0 native plugins for Editor in 0.00 ms.
Unloading 12 Unused Serialized files (Serialized files now loaded: 0)
Unloading 6772 unused Assets / (5.5 MB). Loaded Objects now: 7619.
Memory consumption went from 161.9 MB to 156.5 MB.
Total: 27.936900 ms (FindLiveObjects: 1.892700 ms CreateObjectMapping: 2.127600 ms MarkObjects: 13.415800 ms  DeleteObjects: 10.497100 ms)

Prepare: number of updated asset objects reloaded= 0
========================================================================
Received Prepare
Begin MonoManager ReloadAssembly
- Loaded All Assemblies, in  0.981 seconds
Refreshing native plugins compatible for Editor in 1.35 ms, found 4 plugins.
Native extension for WindowsStandalone target not found
Mono: successfully reloaded assembly
- Finished resetting the current domain, in  1.203 seconds
Domain Reload Profiling: 2188ms
	BeginReloadAssembly (266ms)
		ExecutionOrderSort (0ms)
		DisableScriptedObjects (24ms)
		BackupInstance (0ms)
		ReleaseScriptingObjects (0ms)
		CreateAndSetChildDomain (69ms)
	RebuildCommonClasses (50ms)
	RebuildNativeTypeToScriptingClass (15ms)
	initialDomainReloadingComplete (29ms)
	LoadAllAssembliesAndSetupDomain (624ms)
		LoadAssemblies (432ms)
		RebuildTransferFunctionScriptingTraits (0ms)
		AnalyzeDomain (302ms)
			TypeCache.Refresh (8ms)
				TypeCache.ScanAssembly (0ms)
			BuildScriptInfoCaches (275ms)
			ResolveRequiredComponents (14ms)
	FinalizeReload (1204ms)
		ReleaseScriptCaches (0ms)
		RebuildScriptCaches (0ms)
		SetupLoadedEditorAssemblies (988ms)
			LogAssemblyErrors (0ms)
			InitializePlatformSupportModulesInManaged (2ms)
			SetLoadedEditorAssemblies (8ms)
			BeforeProcessingInitializeOnLoad (177ms)
			ProcessInitializeOnLoadAttributes (706ms)
			ProcessInitializeOnLoadMethodAttributes (93ms)
			AfterProcessingInitializeOnLoad (2ms)
			EditorAssembliesLoaded (0ms)
		ExecutionOrderSort2 (0ms)
		AwakeInstancesAfterBackupRestoration (24ms)
Refreshing native plugins compatible for Editor in 2.65 ms, found 4 plugins.
Preloading 0 native plugins for Editor in 0.00 ms.
Unloading 12 Unused Serialized files (Serialized files now loaded: 0)
Unloading 6772 unused Assets / (5.7 MB). Loaded Objects now: 7622.
Memory consumption went from 164.1 MB to 158.4 MB.
Total: 20.410000 ms (FindLiveObjects: 1.246000 ms CreateObjectMapping: 1.568000 ms MarkObjects: 9.062000 ms  DeleteObjects: 8.531800 ms)

Prepare: number of updated asset objects reloaded= 0
========================================================================
Received Prepare
Begin MonoManager ReloadAssembly
- Loaded All Assemblies, in  1.285 seconds
Refreshing native plugins compatible for Editor in 1.71 ms, found 4 plugins.
Native extension for WindowsStandalone target not found
Mono: successfully reloaded assembly
- Finished resetting the current domain, in  1.404 seconds
Domain Reload Profiling: 2694ms
	BeginReloadAssembly (329ms)
		ExecutionOrderSort (0ms)
		DisableScriptedObjects (25ms)
		BackupInstance (0ms)
		ReleaseScriptingObjects (0ms)
		CreateAndSetChildDomain (86ms)
	RebuildCommonClasses (46ms)
	RebuildNativeTypeToScriptingClass (20ms)
	initialDomainReloadingComplete (40ms)
	LoadAllAssembliesAndSetupDomain (855ms)
		LoadAssemblies (640ms)
		RebuildTransferFunctionScriptingTraits (0ms)
		AnalyzeDomain (347ms)
			TypeCache.Refresh (13ms)
				TypeCache.ScanAssembly (0ms)
			BuildScriptInfoCaches (307ms)
			ResolveRequiredComponents (17ms)
	FinalizeReload (1404ms)
		ReleaseScriptCaches (0ms)
		RebuildScriptCaches (0ms)
		SetupLoadedEditorAssemblies (1180ms)
			LogAssemblyErrors (0ms)
			InitializePlatformSupportModulesInManaged (2ms)
			SetLoadedEditorAssemblies (7ms)
			BeforeProcessingInitializeOnLoad (222ms)
			ProcessInitializeOnLoadAttributes (846ms)
			ProcessInitializeOnLoadMethodAttributes (99ms)
			AfterProcessingInitializeOnLoad (2ms)
			EditorAssembliesLoaded (1ms)
		ExecutionOrderSort2 (0ms)
		AwakeInstancesAfterBackupRestoration (22ms)
Refreshing native plugins compatible for Editor in 1.69 ms, found 4 plugins.
Preloading 0 native plugins for Editor in 0.00 ms.
Unloading 12 Unused Serialized files (Serialized files now loaded: 0)
Unloading 6772 unused Assets / (4.7 MB). Loaded Objects now: 7625.
Memory consumption went from 166.3 MB to 161.6 MB.
Total: 14.995300 ms (FindLiveObjects: 1.367200 ms CreateObjectMapping: 1.222100 ms MarkObjects: 7.860000 ms  DeleteObjects: 4.542700 ms)

Prepare: number of updated asset objects reloaded= 0
========================================================================
Received Prepare
Begin MonoManager ReloadAssembly
- Loaded All Assemblies, in  0.982 seconds
Refreshing native plugins compatible for Editor in 1.67 ms, found 4 plugins.
Native extension for WindowsStandalone target not found
Mono: successfully reloaded assembly
- Finished resetting the current domain, in  1.220 seconds
Domain Reload Profiling: 2206ms
	BeginReloadAssembly (260ms)
		ExecutionOrderSort (0ms)
		DisableScriptedObjects (18ms)
		BackupInstance (0ms)
		ReleaseScriptingObjects (0ms)
		CreateAndSetChildDomain (64ms)
	RebuildCommonClasses (44ms)
	RebuildNativeTypeToScriptingClass (16ms)
	initialDomainReloadingComplete (29ms)
	LoadAllAssembliesAndSetupDomain (636ms)
		LoadAssemblies (485ms)
		RebuildTransferFunctionScriptingTraits (0ms)
		AnalyzeDomain (267ms)
			TypeCache.Refresh (8ms)
				TypeCache.ScanAssembly (0ms)
			BuildScriptInfoCaches (241ms)
			ResolveRequiredComponents (14ms)
	FinalizeReload (1221ms)
		ReleaseScriptCaches (0ms)
		RebuildScriptCaches (0ms)
		SetupLoadedEditorAssemblies (1013ms)
			LogAssemblyErrors (0ms)
			InitializePlatformSupportModulesInManaged (2ms)
			SetLoadedEditorAssemblies (8ms)
			BeforeProcessingInitializeOnLoad (185ms)
			ProcessInitializeOnLoadAttributes (710ms)
			ProcessInitializeOnLoadMethodAttributes (104ms)
			AfterProcessingInitializeOnLoad (3ms)
			EditorAssembliesLoaded (1ms)
		ExecutionOrderSort2 (0ms)
		AwakeInstancesAfterBackupRestoration (24ms)
Refreshing native plugins compatible for Editor in 1.39 ms, found 4 plugins.
Preloading 0 native plugins for Editor in 0.00 ms.
Unloading 12 Unused Serialized files (Serialized files now loaded: 0)
Unloading 6772 unused Assets / (4.4 MB). Loaded Objects now: 7628.
Memory consumption went from 168.5 MB to 164.1 MB.
Total: 15.460900 ms (FindLiveObjects: 1.042100 ms CreateObjectMapping: 1.103500 ms MarkObjects: 7.901700 ms  DeleteObjects: 5.411100 ms)

Prepare: number of updated asset objects reloaded= 0
========================================================================
Received Prepare
Begin MonoManager ReloadAssembly
- Loaded All Assemblies, in  0.921 seconds
Refreshing native plugins compatible for Editor in 1.53 ms, found 4 plugins.
Native extension for WindowsStandalone target not found
Mono: successfully reloaded assembly
- Finished resetting the current domain, in  1.233 seconds
Domain Reload Profiling: 2157ms
	BeginReloadAssembly (248ms)
		ExecutionOrderSort (0ms)
		DisableScriptedObjects (16ms)
		BackupInstance (0ms)
		ReleaseScriptingObjects (0ms)
		CreateAndSetChildDomain (62ms)
	RebuildCommonClasses (50ms)
	RebuildNativeTypeToScriptingClass (16ms)
	initialDomainReloadingComplete (30ms)
	LoadAllAssembliesAndSetupDomain (579ms)
		LoadAssemblies (407ms)
		RebuildTransferFunctionScriptingTraits (0ms)
		AnalyzeDomain (279ms)
			TypeCache.Refresh (11ms)
				TypeCache.ScanAssembly (0ms)
			BuildScriptInfoCaches (251ms)
			ResolveRequiredComponents (13ms)
	FinalizeReload (1233ms)
		ReleaseScriptCaches (0ms)
		RebuildScriptCaches (0ms)
		SetupLoadedEditorAssemblies (1026ms)
			LogAssemblyErrors (0ms)
			InitializePlatformSupportModulesInManaged (3ms)
			SetLoadedEditorAssemblies (10ms)
			BeforeProcessingInitializeOnLoad (193ms)
			ProcessInitializeOnLoadAttributes (715ms)
			ProcessInitializeOnLoadMethodAttributes (102ms)
			AfterProcessingInitializeOnLoad (3ms)
			EditorAssembliesLoaded (1ms)
		ExecutionOrderSort2 (0ms)
		AwakeInstancesAfterBackupRestoration (17ms)
Refreshing native plugins compatible for Editor in 1.83 ms, found 4 plugins.
Preloading 0 native plugins for Editor in 0.00 ms.
Unloading 12 Unused Serialized files (Serialized files now loaded: 0)
Unloading 6772 unused Assets / (4.6 MB). Loaded Objects now: 7631.
Memory consumption went from 170.7 MB to 166.1 MB.
Total: 24.256600 ms (FindLiveObjects: 1.415600 ms CreateObjectMapping: 2.198000 ms MarkObjects: 13.060300 ms  DeleteObjects: 7.578900 ms)

Prepare: number of updated asset objects reloaded= 0
========================================================================
Received Prepare
Begin MonoManager ReloadAssembly
- Loaded All Assemblies, in  0.948 seconds
Refreshing native plugins compatible for Editor in 1.42 ms, found 4 plugins.
Native extension for WindowsStandalone target not found
Mono: successfully reloaded assembly
- Finished resetting the current domain, in  1.237 seconds
Domain Reload Profiling: 2188ms
	BeginReloadAssembly (259ms)
		ExecutionOrderSort (0ms)
		DisableScriptedObjects (17ms)
		BackupInstance (0ms)
		ReleaseScriptingObjects (0ms)
		CreateAndSetChildDomain (65ms)
	RebuildCommonClasses (49ms)
	RebuildNativeTypeToScriptingClass (21ms)
	initialDomainReloadingComplete (32ms)
	LoadAllAssembliesAndSetupDomain (591ms)
		LoadAssemblies (428ms)
		RebuildTransferFunctionScriptingTraits (0ms)
		AnalyzeDomain (279ms)
			TypeCache.Refresh (8ms)
				TypeCache.ScanAssembly (0ms)
			BuildScriptInfoCaches (252ms)
			ResolveRequiredComponents (14ms)
	FinalizeReload (1237ms)
		ReleaseScriptCaches (0ms)
		RebuildScriptCaches (0ms)
		SetupLoadedEditorAssemblies (1026ms)
			LogAssemblyErrors (0ms)
			InitializePlatformSupportModulesInManaged (2ms)
			SetLoadedEditorAssemblies (8ms)
			BeforeProcessingInitializeOnLoad (178ms)
			ProcessInitializeOnLoadAttributes (728ms)
			ProcessInitializeOnLoadMethodAttributes (106ms)
			AfterProcessingInitializeOnLoad (3ms)
			EditorAssembliesLoaded (1ms)
		ExecutionOrderSort2 (0ms)
		AwakeInstancesAfterBackupRestoration (26ms)
Refreshing native plugins compatible for Editor in 2.02 ms, found 4 plugins.
Preloading 0 native plugins for Editor in 0.00 ms.
Unloading 12 Unused Serialized files (Serialized files now loaded: 0)
Unloading 6772 unused Assets / (5.6 MB). Loaded Objects now: 7634.
Memory consumption went from 172.9 MB to 167.3 MB.
Total: 23.732900 ms (FindLiveObjects: 1.612500 ms CreateObjectMapping: 2.342300 ms MarkObjects: 11.152500 ms  DeleteObjects: 8.622300 ms)

Prepare: number of updated asset objects reloaded= 0
========================================================================
Received Prepare
Begin MonoManager ReloadAssembly
- Loaded All Assemblies, in  1.422 seconds
Refreshing native plugins compatible for Editor in 4.59 ms, found 4 plugins.
Native extension for WindowsStandalone target not found
Mono: successfully reloaded assembly
- Finished resetting the current domain, in  1.702 seconds
Domain Reload Profiling: 3132ms
	BeginReloadAssembly (298ms)
		ExecutionOrderSort (0ms)
		DisableScriptedObjects (29ms)
		BackupInstance (0ms)
		ReleaseScriptingObjects (0ms)
		CreateAndSetChildDomain (79ms)
	RebuildCommonClasses (50ms)
	RebuildNativeTypeToScriptingClass (17ms)
	initialDomainReloadingComplete (32ms)
	LoadAllAssembliesAndSetupDomain (1032ms)
		LoadAssemblies (524ms)
		RebuildTransferFunctionScriptingTraits (0ms)
		AnalyzeDomain (612ms)
			TypeCache.Refresh (22ms)
				TypeCache.ScanAssembly (0ms)
			BuildScriptInfoCaches (493ms)
			ResolveRequiredComponents (27ms)
	FinalizeReload (1704ms)
		ReleaseScriptCaches (0ms)
		RebuildScriptCaches (0ms)
		SetupLoadedEditorAssemblies (1417ms)
			LogAssemblyErrors (0ms)
			InitializePlatformSupportModulesInManaged (4ms)
			SetLoadedEditorAssemblies (10ms)
			BeforeProcessingInitializeOnLoad (270ms)
			ProcessInitializeOnLoadAttributes (1007ms)
			ProcessInitializeOnLoadMethodAttributes (123ms)
			AfterProcessingInitializeOnLoad (3ms)
			EditorAssembliesLoaded (1ms)
		ExecutionOrderSort2 (0ms)
		AwakeInstancesAfterBackupRestoration (27ms)
Refreshing native plugins compatible for Editor in 2.37 ms, found 4 plugins.
Preloading 0 native plugins for Editor in 0.00 ms.
Unloading 12 Unused Serialized files (Serialized files now loaded: 0)
Unloading 6772 unused Assets / (5.3 MB). Loaded Objects now: 7637.
Memory consumption went from 175.1 MB to 169.8 MB.
Total: 24.396600 ms (FindLiveObjects: 2.195300 ms CreateObjectMapping: 1.970900 ms MarkObjects: 11.514100 ms  DeleteObjects: 8.712000 ms)

Prepare: number of updated asset objects reloaded= 0
========================================================================
Received Prepare
Begin MonoManager ReloadAssembly
- Loaded All Assemblies, in  1.151 seconds
Refreshing native plugins compatible for Editor in 2.02 ms, found 4 plugins.
Native extension for WindowsStandalone target not found
Mono: successfully reloaded assembly
- Finished resetting the current domain, in  1.494 seconds
Domain Reload Profiling: 2651ms
	BeginReloadAssembly (289ms)
		ExecutionOrderSort (0ms)
		DisableScriptedObjects (19ms)
		BackupInstance (0ms)
		ReleaseScriptingObjects (0ms)
		CreateAndSetChildDomain (66ms)
	RebuildCommonClasses (54ms)
	RebuildNativeTypeToScriptingClass (15ms)
	initialDomainReloadingComplete (32ms)
	LoadAllAssembliesAndSetupDomain (766ms)
		LoadAssemblies (577ms)
		RebuildTransferFunctionScriptingTraits (0ms)
		AnalyzeDomain (317ms)
			TypeCache.Refresh (10ms)
				TypeCache.ScanAssembly (0ms)
			BuildScriptInfoCaches (285ms)
			ResolveRequiredComponents (17ms)
	FinalizeReload (1495ms)
		ReleaseScriptCaches (0ms)
		RebuildScriptCaches (0ms)
		SetupLoadedEditorAssemblies (1252ms)
			LogAssemblyErrors (0ms)
			InitializePlatformSupportModulesInManaged (2ms)
			SetLoadedEditorAssemblies (8ms)
			BeforeProcessingInitializeOnLoad (199ms)
			ProcessInitializeOnLoadAttributes (928ms)
			ProcessInitializeOnLoadMethodAttributes (111ms)
			AfterProcessingInitializeOnLoad (3ms)
			EditorAssembliesLoaded (1ms)
		ExecutionOrderSort2 (0ms)
		AwakeInstancesAfterBackupRestoration (24ms)
Refreshing native plugins compatible for Editor in 1.76 ms, found 4 plugins.
Preloading 0 native plugins for Editor in 0.00 ms.
Unloading 12 Unused Serialized files (Serialized files now loaded: 0)
Unloading 6772 unused Assets / (4.8 MB). Loaded Objects now: 7640.
Memory consumption went from 177.3 MB to 172.5 MB.
Total: 21.978200 ms (FindLiveObjects: 2.323100 ms CreateObjectMapping: 2.138000 ms MarkObjects: 9.699400 ms  DeleteObjects: 7.814200 ms)

Prepare: number of updated asset objects reloaded= 0
========================================================================
Received Prepare
Begin MonoManager ReloadAssembly
- Loaded All Assemblies, in  1.083 seconds
Refreshing native plugins compatible for Editor in 3.05 ms, found 4 plugins.
Native extension for WindowsStandalone target not found
Mono: successfully reloaded assembly
- Finished resetting the current domain, in  1.326 seconds
Domain Reload Profiling: 2413ms
	BeginReloadAssembly (297ms)
		ExecutionOrderSort (0ms)
		DisableScriptedObjects (19ms)
		BackupInstance (0ms)
		ReleaseScriptingObjects (0ms)
		CreateAndSetChildDomain (71ms)
	RebuildCommonClasses (49ms)
	RebuildNativeTypeToScriptingClass (16ms)
	initialDomainReloadingComplete (34ms)
	LoadAllAssembliesAndSetupDomain (690ms)
		LoadAssemblies (515ms)
		RebuildTransferFunctionScriptingTraits (0ms)
		AnalyzeDomain (317ms)
			TypeCache.Refresh (11ms)
				TypeCache.ScanAssembly (0ms)
			BuildScriptInfoCaches (283ms)
			ResolveRequiredComponents (17ms)
	FinalizeReload (1327ms)
		ReleaseScriptCaches (0ms)
		RebuildScriptCaches (0ms)
		SetupLoadedEditorAssemblies (1078ms)
			LogAssemblyErrors (0ms)
			InitializePlatformSupportModulesInManaged (2ms)
			SetLoadedEditorAssemblies (10ms)
			BeforeProcessingInitializeOnLoad (198ms)
			ProcessInitializeOnLoadAttributes (770ms)
			ProcessInitializeOnLoadMethodAttributes (95ms)
			AfterProcessingInitializeOnLoad (2ms)
			EditorAssembliesLoaded (0ms)
		ExecutionOrderSort2 (0ms)
		AwakeInstancesAfterBackupRestoration (20ms)
Refreshing native plugins compatible for Editor in 2.16 ms, found 4 plugins.
Preloading 0 native plugins for Editor in 0.00 ms.
Unloading 12 Unused Serialized files (Serialized files now loaded: 0)
Unloading 6772 unused Assets / (7.2 MB). Loaded Objects now: 7643.
Memory consumption went from 179.5 MB to 172.3 MB.
Total: 32.198500 ms (FindLiveObjects: 1.975100 ms CreateObjectMapping: 2.334300 ms MarkObjects: 12.487400 ms  DeleteObjects: 15.396900 ms)

Prepare: number of updated asset objects reloaded= 0
========================================================================
Received Prepare
Begin MonoManager ReloadAssembly
- Loaded All Assemblies, in  1.100 seconds
Refreshing native plugins compatible for Editor in 1.52 ms, found 4 plugins.
Native extension for WindowsStandalone target not found
Mono: successfully reloaded assembly
- Finished resetting the current domain, in  1.329 seconds
Domain Reload Profiling: 2433ms
	BeginReloadAssembly (314ms)
		ExecutionOrderSort (1ms)
		DisableScriptedObjects (35ms)
		BackupInstance (0ms)
		ReleaseScriptingObjects (0ms)
		CreateAndSetChildDomain (65ms)
	RebuildCommonClasses (52ms)
	RebuildNativeTypeToScriptingClass (19ms)
	initialDomainReloadingComplete (34ms)
	LoadAllAssembliesAndSetupDomain (683ms)
		LoadAssemblies (527ms)
		RebuildTransferFunctionScriptingTraits (0ms)
		AnalyzeDomain (287ms)
			TypeCache.Refresh (10ms)
				TypeCache.ScanAssembly (0ms)
			BuildScriptInfoCaches (257ms)
			ResolveRequiredComponents (16ms)
	FinalizeReload (1331ms)
		ReleaseScriptCaches (0ms)
		RebuildScriptCaches (0ms)
		SetupLoadedEditorAssemblies (1104ms)
			LogAssemblyErrors (0ms)
			InitializePlatformSupportModulesInManaged (2ms)
			SetLoadedEditorAssemblies (8ms)
			BeforeProcessingInitializeOnLoad (202ms)
			ProcessInitializeOnLoadAttributes (783ms)
			ProcessInitializeOnLoadMethodAttributes (105ms)
			AfterProcessingInitializeOnLoad (4ms)
			EditorAssembliesLoaded (1ms)
		ExecutionOrderSort2 (0ms)
		AwakeInstancesAfterBackupRestoration (32ms)
Refreshing native plugins compatible for Editor in 2.05 ms, found 4 plugins.
Preloading 0 native plugins for Editor in 0.00 ms.
Unloading 12 Unused Serialized files (Serialized files now loaded: 0)
Unloading 6772 unused Assets / (5.8 MB). Loaded Objects now: 7646.
Memory consumption went from 181.7 MB to 175.9 MB.
Total: 26.044700 ms (FindLiveObjects: 2.236900 ms CreateObjectMapping: 2.058300 ms MarkObjects: 12.177500 ms  DeleteObjects: 9.568100 ms)

Prepare: number of updated asset objects reloaded= 0
========================================================================
Received Import Request.
  Time since last request: 114370.295921 seconds.
  path: Assets/Scenes/UDON_SCENE/PoundScene.unity
  artifactKey: Guid(c232be4ece9954a49854427fe553d2d3) Importer(815301076,1909f56bfc062723c751e8b465ee728b)
Start importing Assets/Scenes/UDON_SCENE/PoundScene.unity using Guid(c232be4ece9954a49854427fe553d2d3) Importer(815301076,1909f56bfc062723c751e8b465ee728b) (PreviewImporter) -> (artifact id: '63aac15a94004c73ac646950355541b1') in 0.3261238 seconds
Number of updated asset objects reloaded before import = 0Number of asset objects unloaded after import = 0

========================================================================
Received Import Request.
  Time since last request: 0.238798 seconds.
  path: Assets/Scenes/UDON_SCENE/Kitchen.unity
  artifactKey: Guid(f0eb764929936d04aba43f7dcc3c7b76) Importer(815301076,1909f56bfc062723c751e8b465ee728b)
Start importing Assets/Scenes/UDON_SCENE/Kitchen.unity using Guid(f0eb764929936d04aba43f7dcc3c7b76) Importer(815301076,1909f56bfc062723c751e8b465ee728b) (PreviewImporter) -> (artifact id: 'ecabcc316cbfc1e87e313e3d6d95a344') in 0.0203283 seconds
Number of updated asset objects reloaded before import = 0Number of asset objects unloaded after import = 0

========================================================================
Received Prepare
Begin MonoManager ReloadAssembly
- Loaded All Assemblies, in  8.495 seconds
Refreshing native plugins compatible for Editor in 6.75 ms, found 4 plugins.
Native extension for WindowsStandalone target not found
Mono: successfully reloaded assembly
- Finished resetting the current domain, in  2.288 seconds
Domain Reload Profiling: 10797ms
	BeginReloadAssembly (2779ms)
		ExecutionOrderSort (1ms)
		DisableScriptedObjects (551ms)
		BackupInstance (0ms)
		ReleaseScriptingObjects (3ms)
		CreateAndSetChildDomain (851ms)
	RebuildCommonClasses (357ms)
	RebuildNativeTypeToScriptingClass (26ms)
	initialDomainReloadingComplete (102ms)
	LoadAllAssembliesAndSetupDomain (5245ms)
		LoadAssemblies (5076ms)
		RebuildTransferFunctionScriptingTraits (0ms)
		AnalyzeDomain (1001ms)
			TypeCache.Refresh (38ms)
				TypeCache.ScanAssembly (0ms)
			BuildScriptInfoCaches (902ms)
			ResolveRequiredComponents (42ms)
	FinalizeReload (2289ms)
		ReleaseScriptCaches (0ms)
		RebuildScriptCaches (0ms)
		SetupLoadedEditorAssemblies (1896ms)
			LogAssemblyErrors (0ms)
			InitializePlatformSupportModulesInManaged (6ms)
			SetLoadedEditorAssemblies (15ms)
			BeforeProcessingInitializeOnLoad (375ms)
			ProcessInitializeOnLoadAttributes (1363ms)
			ProcessInitializeOnLoadMethodAttributes (132ms)
			AfterProcessingInitializeOnLoad (3ms)
			EditorAssembliesLoaded (2ms)
		ExecutionOrderSort2 (0ms)
		AwakeInstancesAfterBackupRestoration (43ms)
Refreshing native plugins compatible for Editor in 5.43 ms, found 4 plugins.
Preloading 0 native plugins for Editor in 0.00 ms.
Unloading 12 Unused Serialized files (Serialized files now loaded: 0)
Unloading 6772 unused Assets / (8.5 MB). Loaded Objects now: 7649.
Memory consumption went from 153.7 MB to 145.3 MB.
Total: 60.212700 ms (FindLiveObjects: 4.139200 ms CreateObjectMapping: 3.044900 ms MarkObjects: 27.399200 ms  DeleteObjects: 25.625400 ms)

Prepare: number of updated asset objects reloaded= 0
========================================================================
Received Import Request.
  Time since last request: 213.358263 seconds.
  path: Assets/Itim/Itim-Regular SDF.asset
  artifactKey: Guid(33e2b3a7bf2f4354595c9fbd44e38d11) Importer(815301076,1909f56bfc062723c751e8b465ee728b)
Start importing Assets/Itim/Itim-Regular SDF.asset using Guid(33e2b3a7bf2f4354595c9fbd44e38d11) Importer(815301076,1909f56bfc062723c751e8b465ee728b) (PreviewImporter) -> (artifact id: '97cce1d6f3c91352cb6a31aedfd82ffc') in 1.2285408 seconds
Number of updated asset objects reloaded before import = 0Number of asset objects unloaded after import = 6

========================================================================
Received Import Request.
  Time since last request: 17.332414 seconds.
  path: Assets/UDON/Assets
  artifactKey: Guid(f3333ac322d0723428bddd3e9c0a5042) Importer(815301076,1909f56bfc062723c751e8b465ee728b)
Start importing Assets/UDON/Assets using Guid(f3333ac322d0723428bddd3e9c0a5042) Importer(815301076,1909f56bfc062723c751e8b465ee728b) (PreviewImporter) -> (artifact id: '3cfcf482853d74c208a30fe3326a9c3f') in 0.0022217 seconds
Number of updated asset objects reloaded before import = 0Number of asset objects unloaded after import = 0

========================================================================
Received Import Request.
  Time since last request: 6.085324 seconds.
  path: Assets/UDON/Assets/PoundScene
  artifactKey: Guid(c7e206107b51ac24a896e85de5e80ab4) Importer(815301076,1909f56bfc062723c751e8b465ee728b)
Start importing Assets/UDON/Assets/PoundScene using Guid(c7e206107b51ac24a896e85de5e80ab4) Importer(815301076,1909f56bfc062723c751e8b465ee728b) (PreviewImporter) -> (artifact id: '03f4aa4ac8cb674e92b7853c164762d8') in 0.0024677 seconds
Number of updated asset objects reloaded before import = 0Number of asset objects unloaded after import = 0

========================================================================
Received Import Request.
  Time since last request: 0.058107 seconds.
  path: Assets/UDON/Assets/PoundScene/1.png
  artifactKey: Guid(a29c62793a9b2ca4c968a49ab5773afb) Importer(815301076,1909f56bfc062723c751e8b465ee728b)
Start importing Assets/UDON/Assets/PoundScene/1.png using Guid(a29c62793a9b2ca4c968a49ab5773afb) Importer(815301076,1909f56bfc062723c751e8b465ee728b) (PreviewImporter) -> (artifact id: '863da99052dee636967ed81ebff4f71d') in 0.3323251 seconds
Number of updated asset objects reloaded before import = 0Number of asset objects unloaded after import = 3

========================================================================
Received Import Request.
  Time since last request: 0.193370 seconds.
  path: Assets/UDON/Assets/PoundScene/3.png
  artifactKey: Guid(6acadbdd2df8f134dac44af02ea37d88) Importer(815301076,1909f56bfc062723c751e8b465ee728b)
Start importing Assets/UDON/Assets/PoundScene/3.png using Guid(6acadbdd2df8f134dac44af02ea37d88) Importer(815301076,1909f56bfc062723c751e8b465ee728b) (PreviewImporter) -> (artifact id: '898b54c80846b9dd1a05696e6b648527') in 0.0395259 seconds
Number of updated asset objects reloaded before import = 0Number of asset objects unloaded after import = 3

========================================================================
Received Import Request.
  Time since last request: 0.000050 seconds.
  path: Assets/UDON/Assets/PoundScene/9.png
  artifactKey: Guid(b9e96db8fa66cf742ba9a442372388b4) Importer(815301076,1909f56bfc062723c751e8b465ee728b)
Start importing Assets/UDON/Assets/PoundScene/9.png using Guid(b9e96db8fa66cf742ba9a442372388b4) Importer(815301076,1909f56bfc062723c751e8b465ee728b) (PreviewImporter) -> (artifact id: '3ffbf65f29c7389892dd574be321dc7a') in 0.0412083 seconds
Number of updated asset objects reloaded before import = 0Number of asset objects unloaded after import = 3

========================================================================
Received Import Request.
  Time since last request: 0.000157 seconds.
  path: Assets/UDON/Assets/PoundScene/7.png
  artifactKey: Guid(6ffd10abd428a794dac4524200c335ed) Importer(815301076,1909f56bfc062723c751e8b465ee728b)
Start importing Assets/UDON/Assets/PoundScene/7.png using Guid(6ffd10abd428a794dac4524200c335ed) Importer(815301076,1909f56bfc062723c751e8b465ee728b) (PreviewImporter) -> (artifact id: '68f430efbd680ba95dc40c1820814fc0') in 0.0383713 seconds
Number of updated asset objects reloaded before import = 0Number of asset objects unloaded after import = 3

========================================================================
Received Import Request.
  Time since last request: 0.000106 seconds.
  path: Assets/UDON/Assets/PoundScene/Gemini_Generated_Image_td7dqptd7dqptd7d.png
  artifactKey: Guid(9015cae6d7c98f5429f975eb507e0e34) Importer(815301076,1909f56bfc062723c751e8b465ee728b)
Start importing Assets/UDON/Assets/PoundScene/Gemini_Generated_Image_td7dqptd7dqptd7d.png using Guid(9015cae6d7c98f5429f975eb507e0e34) Importer(815301076,1909f56bfc062723c751e8b465ee728b) (PreviewImporter) -> (artifact id: 'db41873568319c4c419ad51b83a65784') in 0.0560696 seconds
Number of updated asset objects reloaded before import = 0Number of asset objects unloaded after import = 3

========================================================================
Received Import Request.
  Time since last request: 0.000061 seconds.
  path: Assets/UDON/Assets/PoundScene/6.png
  artifactKey: Guid(7a1b1cce5c1cb8348bf494eb733f9b35) Importer(815301076,1909f56bfc062723c751e8b465ee728b)
Start importing Assets/UDON/Assets/PoundScene/6.png using Guid(7a1b1cce5c1cb8348bf494eb733f9b35) Importer(815301076,1909f56bfc062723c751e8b465ee728b) (PreviewImporter) -> (artifact id: '96e05fe2a3fd4928a0715a11bf711cf9') in 0.0418438 seconds
Number of updated asset objects reloaded before import = 0Number of asset objects unloaded after import = 3

========================================================================
Received Import Request.
  Time since last request: 0.000087 seconds.
  path: Assets/UDON/Assets/PoundScene/8.png
  artifactKey: Guid(3f8a0c3d3f888ec4c967000978365a77) Importer(815301076,1909f56bfc062723c751e8b465ee728b)
Start importing Assets/UDON/Assets/PoundScene/8.png using Guid(3f8a0c3d3f888ec4c967000978365a77) Importer(815301076,1909f56bfc062723c751e8b465ee728b) (PreviewImporter) -> (artifact id: '0a341037dd76151c39ba5e034f9e84fd') in 0.0463311 seconds
Number of updated asset objects reloaded before import = 0Number of asset objects unloaded after import = 3

Editor requested this worker to shutdown with reason: Scaling down because of idle timeout
AssetImportWorker is now disconnected from the server
Process exiting
Exiting without the bug reporter. Application will terminate with return code 0